FreeStuffNYC,-1,-0.422080578632
Poetry,-20,-4.26925610169
BarefootRunning,-3,-0.743710865965
badeconomics,-2,-0.505996215231
sleep,-13,-3.34283963274
everymanshouldknow,-1,-0.185909138254
aviation,-3,-0.62339669365
relationships,-205,-36.4854736153
joelauzon,-1,-0.325184020743
AdverseEffects,-1,-0.363365696121
Liverpool,-1,-0.287332009257
fandomnatural,-2,-0.562286552133
EnoughPaulSpam,-3,-0.848890163788
plavix,-2,-2.86135311615
disability,-14,-3.79219988021
HistoryPorn,-5,-0.880354873149
detroitlions,-1,-0.244999841027
2007scape,-2,-0.425929479673
teaching,-2,-0.474890823066
gravesdisease,-5,-2.18765024193
buildapcforme,-1,-0.219462848618
delhi,-1,-0.32620257604
tryptonaut,-1,-0.244750715735
tDCS,-15,-3.85034584397
Hemophilia,-1,-0.39137496485
geology,-2,-0.448839013113
psychdrama,-1,-0.620045888873
moviescirclejerk,-1,-0.258394422011
POIS,-1,-0.612194252411
breastcancer,-14,-5.41489562778
synthesizers,-2,-0.464487157566
ridgebacks,-1,-0.362561254556
Sleepparalysis,-1,-0.280216362383
Military,-29,-5.96168281763
Steam,-1,-0.18480395185
mw3,-1,-0.255165456945
TodayIAte,-1,-0.278262495686
gonewildstories,-1,-0.200891538346
sandiego,-2,-0.451697124407
transgenderau,-1,-0.407611186725
askgaybros,-22,-5.08771880217
ClinTrials,-2,-0.824228608309
Tourettes,-21,-7.53373911199
starcitizen,-2,-0.41514859377
polyamory,-8,-1.77330043273
Agoraphobia,-3,-0.959852177942
Transmogrification,-1,-0.239368913719
ElectricForest,-3,-0.775926332506
askphilosophy,-7,-1.53917686062
entp,-17,-4.52185775132
MechanicAdvice,-1,-0.225152012624
OneY,-27,-6.10629053838
kratom,-83,-21.4545433993
LongDistance,-4,-0.896442232478
relationship_tips,-2,-0.530187787163
SantaFe,-1,-0.342085708079
LSD,-56,-11.9643517437
marriedredpill,-9,-2.35541101648
secularsupport,-1,-0.411564589621
recreationaldrugs,-2,-0.787688088967
socialskills,-18,-3.54144788907
bipolar,-1286,-307.268934161
socialism,-4,-0.846438494355
gamedev,-6,-1.16111024212
TheTorMarket,-1,-0.432572003813
HelpoutReddit,-2,-0.807388817237
CrossfitGirls,-1,-0.252425591437
askpsychology,-7,-2.08461459765
Intactivists,-1,-0.308542160903
capetown,-1,-0.301935497691
titanfall,-1,-0.224395790352
lgbt,-24,-4.77587153798
LGBTrees,-1,-0.266581211778
CodAW,-2,-0.460995560749
TheOldShillelagh,-1,-0.706727092375
glutenfree,-26,-6.13182283045
bravefrontier,-2,-0.447107725148
leaves,-47,-10.5338686617
personalfinance,-26,-3.87997075235
Hair,-1,-0.231928743587
USMCboot,-1,-0.30911679784
EverythingScience,-5,-1.05120505603
reddit.com,-615,-104.538569302
sexualhealth,-2,-0.983562818425
learnart,-2,-0.440993120223
QuotesPorn,-4,-0.739045734104
Thrombocytopenia,-2,-1.44905355032
thoriumreactor,-1,-0.313695706207
treecomics,-4,-0.895541554175
gorillaz,-1,-0.245409827551
Health,-521,-103.364151415
cocaine,-49,-12.8974430776
ffxiv,-24,-4.86401994267
erectpenis,-1,-0.850274153728
Nirvana,-2,-0.500749994157
FiftyFifty,-1,-0.183227764295
portugal,-1,-0.246833928412
army,-9,-2.11586460989
Drugs,-6042,-1129.83301338
Jung,-1,-0.3235975711
chinchilla,-1,-0.281133755572
firstimpression,-2,-0.485361529233
Dentistry,-43,-10.9732874287
admincraft,-3,-0.815727624173
FoodNerds,-1,-0.303865975034
Charity,-2,-0.579307174506
Filmmakers,-7,-1.44081639629
Testosterone,-366,-112.891735269
swtor,-5,-1.04993032359
pedofriends,-1,-0.485272503526
ps3me3,-1,-0.620045888873
berlin,-2,-0.505063311739
doublespeakgutter,-2,-1.51260839103
TheGirlSurvivalGuide,-43,-9.0603442309
NeutralPolitics,-6,-1.2788420529
tampa,-3,-0.738248731304
rockford,-1,-0.341964601249
EDC,-30,-6.07409204068
Neurofeedback,-1,-0.365657474884
EDH,-1,-0.229455457539
EDM,-1,-0.212381597323
Professors,-1,-0.289321209159
movies,-75,-10.7771457367
ShittyAskFitness,-1,-0.282841642619
BravoRealHousewives,-2,-0.551317602906
Colombia,-1,-0.27379684354
japannews,-1,-0.283147007229
faimprovement,-1,-0.26460882684
KindVoice,-2,-0.529674822877
StandUpComedy,-1,-0.207127502853
MyChemicalRomance,-1,-0.278057600736
Allergies,-59,-18.5015124361
BlackBank,-9,-2.99654345505
india,-137,-29.3527847264
DecidingToBeBetter,-4,-0.806421489711
BostonTerrier,-1,-0.26324180556
gadgets,-6,-0.894382118569
UofT,-2,-0.524322346472
Tgirls,-1,-0.216346537618
ploungeafterdark,-3,-0.955355085409
SRSsucks,-6,-1.45745197524
HouseOfCards,-2,-0.422902585235
IIT,-1,-0.394431554152
sanantonio,-1,-0.248875328431
swgalacticpowers,-3,-1.75688240635
PelvicFloor,-1,-0.432572003813
travel,-96,-17.9077190029
bloodbornethegame,-1,-0.296093965326
skyrimmods,-2,-0.430574193629
wayaboveaverage,-1,-0.724526775162
im14andthisisdeep,-2,-0.419255697288
ResearchMarkets,-10,-2.7982331003
AnythingGoesPics,-1,-0.229145251272
gaming,-130,-18.6403435856
poker,-9,-1.95938155575
beauty,-1,-0.228389304517
askscience,-725,-105.672258091
badBIOS,-1,-0.347331260178
DebunkThis,-2,-0.527713803197
piercing,-1,-0.228228887227
dogpictures,-2,-0.409812878721
RXReX,-1,-0.38884650845
law,-18,-3.8959979451
LifeAfterBenzos,-2,-1.34105630329
legalizecrystalweed,-1,-0.652963608491
CringeAnarchy,-3,-0.611109833465
CFB,-6,-1.15527597713
Dachshund,-1,-0.239242025876
ultimate,-1,-0.235779682255
askart,-1,-0.564699926039
genderqueer,-19,-4.7979283587
vulvodynia,-3,-1.26525269383
MultipleSclerosis,-904,-257.255502989
askclinical,-1,-0.39502600368
drunkpoetryslam,-1,-0.353928914903
Bowling,-1,-0.267535013557
zen,-10,-2.23320294055
nsfw,-2,-0.345870700098
bestoflegaladvice,-1,-0.225597934497
ZombieSurvivalTactics,-1,-0.271388418271
japan,-30,-6.23193463412
vita,-1,-0.212880393985
GlobalOffensive,-61,-11.0481143552
badlinguistics,-1,-0.245190777937
Dogtraining,-62,-13.4695611334
writing,-42,-8.08564710621
Screenwriting,-1,-0.216393661352
rightinthechildhood,-2,-0.60059921167
pharms,-12,-3.78763638532
acupuncture,-1,-0.370392631534
asoiafcirclejerk,-1,-0.276011119977
Fireteams,-16,-3.40327627674
Rift,-1,-0.252362189856
LeagueofLegendsMeta,-1,-0.232466092101
Judaism,-4,-0.977403646294
mansformation,-2,-0.539350200791
workout,-1,-0.299343625261
BDSMcommunity,-9,-1.94248680896
PublicSpeaking,-5,-1.59760237347
SaltLakeCity,-1,-0.248064697228
mgmt,-1,-0.322470448177
singularity,-4,-0.898178863293
AnarchyECP,-2,-0.931910849097
Braveryjerk,-2,-0.472592134157
Liberal,-2,-0.455535155748
fonts,-1,-0.252800540164
dvdcollection,-2,-0.505601080328
Agriculture,-1,-0.270851989701
vozm,-2,-2.86135311615
snakes,-1,-0.239189522474
NoMansSkyTheGame,-1,-0.223380212749
Rateme,-1,-0.21739837759
literature,-1,-0.203368388453
dubstep,-3,-0.609726584242
ChivalryGame,-1,-0.252241913012
navy,-7,-1.71540770727
USMC,-1,-0.247729017909
Feminism,-7,-1.48170856089
DarkSouls2,-1,-0.205837033667
shittyfoodporn,-2,-0.39414269709
abletonlive,-1,-0.236162896722
medicine,-468,-97.5946538691
AFL,-7,-1.70631850235
bestof,-83,-12.4532524961
serialpodcast,-7,-1.49204700769
Smiley_Tsu,-1,-1.10730936496
Metal,-4,-0.796146930342
zcoin,-1,-0.7820114831
sexpertslounge,-2,-0.528925256948
Morrowind,-1,-0.234832746308
AskDoctorSmeeee,-57,-14.9040989087
chiari,-3,-1.27646102735
dayz,-12,-2.38717997416
CanadaPolitics,-10,-2.28237345837
Consolehacking,-1,-0.872502869549
neurophilosophy,-2,-0.470369241329
dogecoin,-4,-0.816487803619
LawSchool,-15,-3.49609434634
CalPoly,-1,-0.284736665194
podemos,-11,-2.7175644966
PostCollapse,-7,-1.58956485782
siyaset,-1,-0.555759164269
steroids,-3050,-701.297234759
uktrees,-6,-1.54491126492
sexystories,-1,-0.227673372316
coding,-1,-0.20771304249
magick,-1,-0.263729716005
rant,-23,-5.39589626242
Buddhism,-24,-4.85917530454
biotech_stocks,-1,-0.349099714298
PedoBaitTime,-1,-0.734361135574
TheLastAirbender,-2,-0.38924555449
seizures,-13,-5.75812701804
longboarding,-1,-0.211233595701
lego,-2,-0.394729425485
seduction,-39,-7.31418172551
AdvancedFitness,-14,-3.08642658944
totalwar,-3,-0.649267163465
MedicatedChildren,-2,-1.41345418475
PenmanshipPorn,-1,-0.196807267641
shittyadvice,-11,-2.2951874907
dogs,-175,-34.872939184
asktransgender,-3658,-837.96485643
iOSthemes,-1,-0.227483656702
makinghiphop,-8,-1.82159878803
collapse,-15,-3.27184542288
punjabi,-1,-0.376764689244
UGA,-1,-0.272842977715
gyn,-1,-0.724526775162
gradadmissions,-1,-0.265494134644
mildlyinfuriating,-3,-0.553054254074
nationalguard,-6,-1.8730655236
ModerationLog,-18,-5.78919427019
weightlifting,-12,-2.77953481264
CancerCaregivers,-1,-0.588591910068
Psychonaut,-73,-14.618649384
Charleston,-1,-0.270067713799
BBQ,-1,-0.21891239498
toronto,-18,-3.7402553906
outhere,-2,-0.744425296004
clusterheads,-39,-14.112906177
betternews,-1,-0.29878042646
worldpolitics,-14,-2.71771401222
newzealand,-45,-9.41079824997
classicrage,-1,-0.226758201769
hacking,-2,-0.407231545034
KerbalSpaceProgram,-6,-1.17979082305
gallifrey,-3,-0.638752692795
NewSkaters,-1,-0.25993748396
Dyslexia,-4,-1.26503549383
ScumbagMedicine,-2,-0.907391619212
boston,-4,-0.847938916887
Blackfellas,-1,-0.275334124232
newsokur,-1,-0.243393981651
BioClub,-1,-0.588591910068
UWMadison,-1,-0.277113245629
sharktank,-1,-0.285616666668
Sayshit,-8,-16.7672261943
tekken1,-1,-1.28509720894
worlddrawing,-1,-0.326763211241
wc2014,-1,-0.331543292031
pittsburgh,-2,-0.465318390461
chess,-6,-1.29461905975
doublespeakhysteric,-1,-0.872502869549
SecondaryInfertility,-12,-5.25554834778
wtfdidijustread,-1,-0.243030431577
translator,-2,-0.512080752912
germany,-4,-0.899247208261
EnoughLibertarianSpam,-7,-1.75460834161
mylittlefortress,-2,-0.626729095489
GamerGhazi,-6,-1.51330760415
Minecraft,-27,-4.79234995376
Militaryfaq,-5,-1.53837825394
TakeaPlantLeaveaPlant,-1,-0.316020382547
evolutionReddit,-1,-0.244772078553
Texans,-1,-0.247292493876
medical,-245,-65.6556805738
TwoXADHD,-1,-0.329616827359
investing,-28,-5.33129435953
tech,-1,-0.203565049641
ItsNeverLupus,-2,-0.810744761291
LimitTheory,-1,-0.345703642883
WildStar,-2,-0.443089235785
CKD,-1,-0.683808375994
Heavymind,-2,-0.411773182457
punk,-2,-0.436320351796
insects,-4,-1.12583723407
asiantwoX,-1,-0.27188898317
HIFW,-1,-0.221937460267
siberianhusky,-1,-0.265130013733
isfp,-3,-0.939028339719
borntoday,-3,-1.1573284852
Hiphopcirclejerk,-3,-0.763362548721
veterinarians,-2,-0.70577000067
LouisCkBBC,-1,-0.872502869549
hungary,-2,-0.498536849014
graffhelp,-2,-0.563344044695
gametales,-1,-0.228769311043
crossfit,-9,-1.97495673584
7CupsofTea,-1,-0.292813734392
ShitCosmoSays,-1,-0.21814940027
acne,-13,-3.3671629921
minnesota,-1,-0.233874640848
GrandTheftAutoV,-4,-0.766603185086
PsychWardChronicles,-1,-0.307884307533
PointlessStories,-1,-0.238345201888
GenderCynical,-1,-0.336398417165
cambridge_uni,-2,-0.649142618761
MaleStudies,-1,-0.32909674349
Anxiety,-800,-164.593752146
INeedToTalkToSomeone,-2,-0.61516668678
Weakpots,-1,-0.288432488448
de,-17,-3.8267726385
geek,-6,-1.09626588746
Nbome,-1,-0.39100574155
realdubstep,-3,-0.703659944686
wedding,-1,-0.234384682561
feminisms,-8,-1.79908372939
Swimming,-1,-0.228876937428
Demotivational,-1,-0.201616016793
PEDs,-72,-20.6913245375
poetry_critics,-2,-0.613259366222
lexington,-2,-0.551754948086
nes,-1,-0.255134812111
Monstercat,-2,-0.463107944801
ems,-141,-33.3081416568
bestofthefray,-2,-0.934632247546
ratemyessay,-5,-1.62096818152
trpgame,-1,-0.264980714338
INDYCAR,-1,-0.269221500286
EngineeringStudents,-18,-3.82276528513
titlegore,-1,-0.220982792414
Christianity,-39,-7.79149267633
milliondollarextreme,-1,-0.283044847503
AskScienceDiscussion,-12,-2.93178376377
DMT,-6,-1.45478931158
changemyview,-234,-43.9283013239
twitchplayspokemon,-2,-0.427923706086
PS3,-3,-0.62342963798
Android,-3,-0.518552975467
Malawi,-1,-0.504471831772
PS4,-6,-1.11586119636
firstworldanarchists,-1,-0.184041719265
Dodgers,-1,-0.248400529458
DownvotesMcGoats,-1,-0.300226418771
SheepMarketplace,-5,-1.48054970362
thepill,-1,-0.572020849332
Braves,-1,-0.246923457147
wikipedia,-7,-1.35662468202
frontscience,-2,-0.750305470642
olympics,-2,-0.445538950449
pcmasterrace,-24,-4.1991633968
magicTCG,-11,-2.1263862506
AskFeminists,-12,-3.06280442606
AnxietyPanic,-5,-1.78178165562
nature,-2,-0.449335364816
casualiama,-192,-38.8525950643
SRSTransSupport,-1,-0.361092000929
AskSciTech,-3,-0.899751855006
threekings,-1,-0.268781795302
grandrapids,-3,-0.790258262173
news,-560,-81.4118366808
BlueSky,-1,-0.569516669579
climate,-1,-0.243280075199
unt,-1,-0.289821210749
PSC,-1,-0.525461227181
DrugsCommunity,-1,-1.0
russia,-1,-0.235995564597
ukpolitics,-7,-1.51392082468
Medsmademefat,-3,-2.01158445493
libraryofshadows,-1,-0.258512046312
Stimulant_Writing,-1,-1.0
StockMarket,-2,-0.44405560824
hygiene,-1,-0.482652967917
ProtectAndServe,-7,-1.55451909273
LFGDota2,-1,-3.32192809489
doctorwho,-3,-0.557213204175
SexualHealthCenter,-1,-0.664385618977
shittymcsuggestions,-1,-0.335672647129
100movies365days,-1,-0.319421938385
FoodPorn,-1,-0.178308266249
beer,-4,-0.76496978786
Nafindix,-3,-3.14385491143
goodyearwelt,-1,-0.22898224413
fatlogic,-104,-20.486238696
FIFA12,-1,-0.309262049503
ketoscience,-7,-1.80720773164
NUFC,-1,-0.276129601256
FallOutBoy,-2,-0.535641734854
Pennsylvania,-2,-0.524893088714
GiveMe40Days,-1,-0.279877817017
CarAV,-3,-0.741575637756
Aquariums,-2,-0.421923407206
oddlysatisfying,-2,-0.355844286291
stevenuniverse,-4,-0.857395768077
TopGear,-1,-0.195325157709
r4r,-3,-0.610924255288
ostomy,-14,-5.52757903258
darksouls,-2,-0.406940900195
Wet_Shavers,-1,-0.266636003622
rutgers,-1,-0.26619559925
DotA2,-86,-15.8875955264
Cleveland,-2,-0.494407665839
weezer,-1,-0.282389776177
OnePiece,-3,-0.627532761752
ifiwonthelottery,-1,-0.216165089586
biotech,-2,-0.55210111068
PussyPass,-1,-0.22968233911
mexico,-5,-1.07376990501
Fencing,-3,-0.804434728606
StonerProTips,-6,-1.34655379115
it,-2,-0.640235270386
FanTheories,-5,-0.959556405078
australia,-86,-17.1376866908
Project420,-1,-0.292770816923
DestructionPorn,-1,-0.2121600223
pathology,-1,-0.313419514303
ApocalypseRising,-1,-0.317445990886
ShitRedditSays,-15,-3.08286660311
antidepressants,-8,-3.2371734847
pitbulls,-1,-0.22571091286
WoodmanPS2,-6,-2.15914754713
ZenHabits,-3,-0.597876421843
craigslist,-1,-0.244123687832
transfitness,-3,-1.23144487239
GetSmarter,-1,-0.28624932242
bicycletouring,-3,-0.703906665311
european,-1,-0.240700205037
talesfromtechsupport,-11,-2.00905090698
eliomotors,-1,-0.343192822418
Halfbull,-3,-1.31388708695
anesthesiology,-6,-2.02768370039
SaffronRegiment,-1,-0.435413922865
SexWorkers,-2,-0.523048800732
playrust,-1,-0.222039213067
BorderCollie,-1,-0.268144909535
Chikungunya,-1,-1.0
questionablecontent,-1,-0.266222561377
Depreshibe,-2,-0.924063742497
LucidDreams,-1,-0.343885042176
mentors,-1,-0.286570999585
preppers,-17,-3.90451355411
evedreddit,-2,-0.510358179812
Portland,-13,-2.74642278209
BigBrother,-9,-2.08091388546
kpop,-5,-1.07631703544
Helicopters,-1,-0.257074848719
disabledgamers,-2,-0.672692228011
dietetics,-1,-0.302915829428
Bitcoin,-12,-2.29191069346
quotes,-4,-0.799378585149
YouthRights,-1,-0.322220836527
Pets,-67,-14.5974297609
InternetIsBeautiful,-2,-0.297763630679
xaft,-3,-2.03097747759
TrigeminalNeuralgia,-28,-12.6724642357
BPDSOFFA,-3,-0.912712621094
Yogscast,-1,-0.214074754337
pharmacy,-424,-104.478887465
AsianParentStories,-1,-0.251107276265
woahdude,-11,-1.85033485455
esports,-10,-2.44409672894
2100science,-1,-0.530084768855
CerebralPalsy,-5,-2.1239463386
ketogains,-15,-3.39583738065
AskMenOver30,-7,-1.69543977965
gifs,-63,-9.16789457016
SRSFoodies,-1,-0.336033797664
ILiveIn,-1,-0.251127248752
mypartneristrans,-5,-1.39664331931
DenverBroncos,-2,-0.476706132207
Art,-5,-0.747660213848
simpleliving,-2,-0.411404882536
fitnesscirclejerk,-41,-10.6266170435
orlando,-1,-0.243089604398
Megaten,-1,-0.239145326713
DicksOnaDoor,-1,-1.28509720894
zombies,-8,-1.63351377634
security,-1,-0.240486253317
SecretSubreddit,-3,-0.84348698075
compDota2,-2,-0.550499481948
whatisthisthing,-3,-0.573173374619
HealthyWeightLoss,-3,-0.818507964935
czech,-1,-0.298313112307
deaf,-1,-0.280179560599
heroesofthestorm,-1,-0.196846816817
malaysia,-1,-0.264482742413
FoodAddiction,-3,-0.898941171421
NoFapChristians,-2,-0.531335317507
pchelp,-1,-0.412391262688
askfuneraldirectors,-1,-0.30297563118
sociology,-2,-0.459895828217
humor,-8,-1.45521226597
mountandblade,-1,-0.227319102383
Relationship,-1,-0.355334762128
edmproduction,-8,-1.6637387273
KratomKorner,-12,-3.50293655645
SCT,-23,-7.90935597005
sorceryofthespectacle,-2,-0.585713427995
hardshipmates,-1,-0.294796620077
topofreddit,-1,-0.27019993225
marketing,-1,-0.213654102617
doublespeaklockstep,-2,-1.35398498506
mentalillness,-2,-0.789654147512
OkCupid,-34,-6.97914824493
cork,-3,-0.922473894085
BuySteroidsCanada,-1,-0.387974076217
Frugal,-66,-11.5796627822
promos,-21,-5.48716818376
shittyaskscience,-15,-2.73840815733
shortstories,-3,-0.751398819478
dndnext,-1,-0.228547272016
InvestmentClub,-3,-0.734579667335
newtothenavy,-13,-3.67536554345
asperger,-1,-0.447321527661
MPN,-1,-1.04795163714
blendedfamilies,-1,-0.471570448587
marinebiology,-1,-0.274375859799
anime,-7,-1.26695210553
consulting,-2,-0.483334211998
Disorders,-1,-0.591647331227
Dallas,-5,-1.13440991427
mixednuts,-9,-2.91538464768
miamidolphins,-1,-0.254663272551
ADHD,-10216,-2198.40231532
whatsbotheringyou,-2,-0.521651759941
Hyperhidrosis,-8,-2.44527975777
exmuslim,-5,-1.24000062692
AdvancedRunning,-2,-0.5062761101
MaleSupportNetwork,-3,-1.03711092865
greentext,-2,-0.429958891713
ProjectCyberpunkWorld,-1,-0.351252438425
Bad_Cop_No_Donut,-12,-2.44937302087
flying,-15,-3.34674065039
nova,-4,-0.951079888467
gif,-2,-0.394395969468
conservation,-4,-0.99719986022
Brogress,-6,-1.37934855842
Cancersupportgroup,-1,-0.441078188949
Endo,-182,-57.0875731836
happy,-2,-0.405797645119
JusticePorn,-35,-6.22430593859
SteroidBody,-3,-1.44287565392
sneakermarket,-1,-0.257391315549
sexxit,-1,-0.338941130795
ChineseLanguage,-6,-1.45452494974
batman,-4,-0.782212578156
occupywallstreet,-8,-1.79643174076
YAwriters,-4,-1.13104309315
guitarcirclejerk,-1,-0.281000812564
Podiatry,-7,-2.57494782095
AcademicPsychology,-8,-1.95578248813
ADD,-239,-74.1431056149
solar,-1,-0.246354894935
BlackPeopleTwitter,-1,-0.173418574372
Psychiatry,-89,-24.173065461
wedidntstart,-1,-1.18329466245
webcomics,-4,-0.81779195289
TransSpace,-36,-9.5111155604
havoc_bot,-1,-0.259883296979
makemychoice,-12,-2.76901634114
DarkTales,-1,-0.272323897316
mindcrackcirclejerk,-1,-0.297133730529
POTS,-2,-0.898751475323
radicalsidehugs,-1,-0.407611186725
veterinarian,-9,-3.20258197226
Runner5,-1,-0.285706188645
elitedangerousrefunds,-1,-0.7820114831
askmedicine,-10,-3.94039118841
TryingForABaby,-643,-166.931923105
BPD4BPD,-1,-0.463314204015
TWD,-1,-0.251047465059
shia,-1,-0.337784114469
webdev,-2,-0.398215377958
Cardiomyopathy,-1,-0.724526775162
findapath,-6,-1.38870165864
derealization,-1,-0.734361135574
UlcerativeColitis,-1,-0.387116938146
excel,-2,-0.435217065906
metalworking,-1,-0.236572284584
cambodia,-1,-0.311966241677
til,-1,-0.249082722052
loseit_classic,-1,-0.275318761869
saplings,-35,-8.06258662261
nottheonion,-43,-6.41163695936
Euchemics,-2,-1.11582753464
transgender,-73,-16.9507403045
asexuality,-6,-1.50979445074
phoenix,-4,-0.969240494327
PyromanovResearch,-1,-0.426193335312
mensmagazine,-1,-0.453139511758
diet,-2,-0.595976947747
microgrowery,-1,-0.21345994201
arcticmonkeys,-3,-0.767256142385
StopGaming,-2,-0.542486804162
AlternativeHealth,-2,-0.517681093824
Accounting,-3,-0.670360181044
neuroscience,-9,-2.18087679537
TreesAMAA,-1,-0.37462768369
AirForce,-13,-3.07396392132
stonerrock,-1,-0.236769223379
DSPD,-4,-1.58413030488
ottawa,-6,-1.40674289088
fknyeah,-1,-3.32192809489
porkrollcomics,-1,-1.0
Resolutions,-1,-0.386274623458
mdmatherapy,-1,-0.313118307918
gainit,-39,-7.96380909036
AskVet,-108,-27.5039935315
cincinnati,-5,-1.21720058742
painmed,-1,-0.38415080259
ABraThatFits,-9,-1.94169238215
trichotillomania,-1,-0.345241135386
wiiu,-1,-0.203396452803
skiing,-1,-0.218151016189
softscience,-1,-0.263545005532
HappyWars,-1,-0.347818675286
Chennai,-4,-1.26503549383
aesoprock,-1,-0.363163187241
religion,-5,-1.15337681618
BestOfOutrageCulture,-1,-0.250582983775
Showerthoughts,-18,-2.67483875857
duolingo,-4,-0.895971056575
environment,-28,-5.4478458691
reptiles,-1,-0.245791876322
misophonia,-15,-3.84193495075
Atlanta,-9,-1.99499848849
morbidquestions,-1,-0.235033246315
TwentyFour,-1,-0.280466073932
NewOrleans,-1,-0.240705493969
benzodiazepines,-117,-32.4814134916
vegan,-33,-6.87771548639
Jokes,-3,-0.446565493876
WhiteRights,-3,-0.761369648799
anonymous,-3,-0.679869471002
lifehacks,-6,-1.06015385771
hardwareswap,-1,-0.224863492766
ProHormonals,-3,-1.36277092709
litecoin,-1,-0.230179710011
gue,-1,-0.274666457066
codbo,-1,-0.278816578282
predaddit,-2,-0.517228923435
TomorrowWorld,-1,-0.28515125655
forza,-1,-0.239675328024
TS_Withdrawal,-1,-0.428365736313
WritersGroup,-2,-0.507298178492
Debate,-1,-0.268384811917
RapWars,-4,-1.5582231849
LaTeX,-4,-1.01109157693
pcgaming,-1,-0.189829849873
globalhealth,-1,-0.277146114998
Cumberbitches,-1,-0.247388749751
troubledteens,-4,-1.14327395743
YamakuHighSchool,-1,-0.382116877972
Gender_Critical,-5,-1.66498532533
DCcomics,-1,-0.206475519964
GakiNoTsukai,-1,-0.232736260921
fatpeoplestories,-75,-14.9632493731
SleepApnea,-16,-4.739295527
Swingers,-34,-8.08256956262
Stims,-553,-150.5157546
Sissies,-2,-0.471074676993
Theatre,-1,-0.245062576351
boardgames,-6,-1.17845299365
standupshots,-4,-0.761798871337
2X_INTJ,-1,-0.294827233462
Nexus5,-1,-0.223193173005
StonerPhilosophy,-1,-0.229919135896
worldnews,-621,-88.6894453624
falloutlore,-1,-0.235418619061
Equality,-3,-0.747490836389
circlejerk,-31,-5.73151978603
MedicatedAdolescence,-2,-1.38201907234
transtimelines,-38,-9.21519740195
water,-1,-0.256303675872
TopsAndBottoms,-1,-0.256157426528
baseball,-22,-4.24541535784
Random_Acts_Of_Pizza,-7,-1.53315728856
AskMedical,-2,-0.710501486619
transhumanism,-1,-0.237648033701
truebodybuilding,-2,-0.663363041374
thedivision,-1,-0.221552456154
typeONEdiabetes,-1,-0.642548604469
HPfanfiction,-1,-0.26145763276
brainanswers,-2,-0.716231898097
atlantar4r,-1,-0.308141166077
hsp,-3,-0.934253311719
vaginismus,-2,-0.671550964969
TTC30,-116,-36.9072395048
progmetal,-2,-0.448183500306
diagnosed,-1,-0.368188059247
Sober,-2,-0.810258740882
evangelion,-1,-0.235915905228
montreal,-10,-2.2910781282
WayTooMany,-1,-0.588591910068
love,-1,-0.259638902595
TrueReddit,-150,-27.1437260387
Catholicism,-10,-2.31758522883
ElderScrolls,-1,-0.233045179356
AmIFreeToGo,-3,-0.705634598064
BipolarSOs,-11,-3.45680494413
MelbEnts,-1,-0.335930260426
modup,-8,-2.90936987474
transplant,-4,-1.49235048373
regex,-1,-0.365764543145
drugpolicyreform,-1,-0.585627468784
mentalhealth,-88,-21.1471965022
AskHistorians,-13,-2.29746704712
angry,-2,-0.643594008171
IBO,-1,-0.281507509134
doublespeakprivilege,-1,-0.553654682481
sports,-16,-2.37443492572
LadiesofScience,-1,-0.256722486699
NYCtonight,-1,-0.501093588
themarketplace,-4,-1.21862219048
Bulldogs,-2,-0.501760542481
Diary,-1,-0.426549776343
BSG,-1,-0.236484572619
AdultADHD,-1,-0.439278180801
EQUIPnTRIP,-1,-0.316109621013
cordcutters,-2,-0.401728527053
avesNYC,-2,-0.602044705424
Yorkies,-1,-0.328711475279
MadokaMagica,-1,-0.276949499158
SS13,-1,-0.274839343854
UFOs,-1,-0.213947109436
baduk,-2,-0.515196763887
littlespace,-1,-0.255322722687
NuclearMedicine,-3,-1.66096404744
judo,-1,-0.256160982694
ecr_eu,-1,-0.278399958762
PrettyLittleLiars,-8,-1.94021072065
trackers,-1,-0.211626456237
German,-10,-2.36412961219
Epilepsy,-3867,-1127.27457882
AOW3,-1,-0.315813065202
CoDCompetitive,-7,-1.609606602
Glitch_in_the_Matrix,-9,-1.79787357196
AlreadyRed,-1,-0.273060581083
MMJ,-24,-6.27041393981
ibs,-374,-104.442288666
MMA,-104,-20.1900544769
gamernews,-1,-0.199904934979
nursing,-348,-78.5895440738
dxm,-13,-3.89494565636
Pathfinder_RPG,-4,-0.91001414696
SEXONDRUGS,-3,-0.927133239309
asmr,-4,-0.793886920969
PowerMetal,-1,-0.253809149276
MURICA,-1,-0.19066678511
anabolic,-3,-1.06778296413
dialysis,-1,-0.406108192442
Coachella,-2,-0.492732795659
RiotFreeLoL,-2,-0.53725400929
DebateaCommunist,-1,-0.266298210383
vancouver,-8,-1.74570458614
RedditLaqueristas,-4,-0.825533360826
nyc,-15,-3.02482763227
ROTC,-1,-0.316771274465
labrats,-6,-1.54072891288
economy,-4,-0.841503067331
STD,-17,-5.38099616126
anarchocrapitalism,-1,-0.547622692412
unfilter,-1,-0.298623864462
spop,-1,-0.215287096814
RedLetterMedia,-1,-0.251489818356
TFABChartStalkers,-2,-0.788078237682
politota,-1,-0.279480599985
consoleproletariat,-1,-0.457730545327
sustainability,-2,-0.503405157315
SOPA,-1,-0.252519509115
badfallacy,-1,-0.339053159381
GradSchool,-11,-2.55775946691
roundrobin,-1,-0.336033797664
GERDbabies,-2,-1.20282097723
hearsvoices,-1,-0.647639852181
surfing,-2,-0.451142039846
BadMods,-1,-0.594798639106
oculus,-7,-1.45343756246
drumcorps,-2,-0.532208289982
UnsentLetters,-1,-0.241206938864
MonarchyOfEquestria,-6,-2.7155280505
tall,-5,-1.0675516097
ImGoingToHellForThis,-8,-1.40240421649
serialdiscussion,-1,-0.327497051507
manga,-1,-0.205909122903
emergencymedicine,-13,-3.40196850982
kickassday,-1,-0.290041875464
Biochemistry,-1,-0.258888419322
Guildwars2,-11,-2.15294175466
washingtondc,-9,-1.9750089354
Permaculture,-3,-0.666232558795
PurplePillDebate,-22,-5.70378015913
tonsilstones,-1,-0.328839447163
dataisbeautiful,-22,-3.28064304634
pennystocks,-1,-0.257681721154
buttplug,-2,-0.429736677253
LucidDreaming,-29,-5.63965571779
ZonaEnts,-2,-0.670629813225
GERD,-2,-0.742465750212
civic,-1,-0.306428940644
MMFB,-29,-6.90480388839
justneckbeardthings,-2,-0.397194721405
WTF,-869,-130.594463676
texas,-1,-0.22219834949
scifi,-5,-0.932567731974
lonely,-2,-0.516136299979
electronicmusic,-2,-0.390089123415
childfree,-73,-14.7343867489
smarter,-1,-0.318933415285
insomnia,-67,-17.7783056372
ACL,-1,-0.398319885098
halo,-4,-0.781262907584
occult,-12,-2.72043216507
selfharm,-10,-2.69130528493
creepyPMs,-1,-0.192928302159
emetophobia,-15,-5.15353337064
asianamerican,-1,-0.251024721643
deftones,-2,-0.567452200938
crypto,-1,-0.223997251877
Watches,-2,-0.405829696817
AdviceAnimals,-1074,-162.405445199
NoShitSherlock,-1,-0.238636615338
wallpapers,-1,-0.179825356404
aspergers,-159,-38.0567674925
howtobesherlock,-1,-0.280317822626
mildlyinteresting,-33,-4.89354916527
TrueAtheism,-4,-0.843671272375
badhistory,-2,-0.421334619565
InsightfulQuestions,-4,-0.867300824753
malegrooming,-2,-0.43687008937
Sunlight,-1,-0.324991418209
BetweenTheBuriedAndMe,-1,-0.297583261927
AquariumAdvice,-1,-0.397896306302
erectiongifs,-1,-0.549588267954
ExCons,-1,-0.292957242303
canada,-106,-20.0222384495
Deathcore,-1,-0.25764380314
NEU,-1,-0.287427084407
Shortfilms,-1,-0.233726658984
space,-6,-0.892027964328
oklahoma,-6,-1.52491330044
malefashionadvice,-10,-1.74648190481
rational,-1,-0.27641611855
DarkNetMarketsNZ,-2,-0.824228608309
AskAcademia,-3,-0.692699820971
Sprinting,-2,-0.57268172122
PunchingMorpheus,-1,-0.289860030434
cars,-7,-1.33125370381
kansascity,-2,-0.481548745316
SwingCommunity,-1,-0.283106098499
Sjogrens,-7,-2.8733713689
vinyl,-1,-0.203511641965
badmedicine,-1,-0.402297694885
Poppers,-1,-0.7820114831
youtubehaiku,-1,-0.1888172075
brasil,-2,-0.426096637664
language,-1,-0.273329812241
ABCDesis,-2,-0.546149364711
CasualConversation,-44,-8.71927985737
FlashFiction4You,-1,-0.528514799724
programming,-31,-5.34010158401
ADHDbuddies,-3,-2.30586536052
hypnosis,-2,-0.549693772686
Juicing,-1,-0.24457845671
howtonotgiveafuck,-10,-1.94219779212
everquest,-2,-0.559284801329
MakeupAddicts,-1,-0.23808891969
shadowside,-2,-0.857471712275
JETProgramme,-2,-0.663086584063
Adelaide,-3,-0.788051452599
Brazil,-4,-1.05333141025
entheogens,-1,-0.28634086061
MichaelJackson,-1,-0.332380490231
PCOS,-187,-48.5966196517
pokemon,-5,-0.882298170008
JRPG,-1,-0.225254272948
Anki,-1,-0.319290990579
utdallas,-1,-0.299557502921
SEO,-2,-0.449444162304
nsclc,-2,-1.25701997968
explainlikeimfive,-753,-109.769319432
nutrition,-58,-12.1813642195
Scholar,-71,-16.0874911858
3DS,-1,-0.198904869666
MtAugusta,-1,-0.370511713133
CLG,-1,-0.242622722974
Standup,-1,-0.22319532019
nsfw_gifs,-1,-0.183854250614
indieheads,-1,-0.217921453298
learnpython,-1,-0.213280147025
unimelb,-1,-0.326602138668
purebattlefield,-1,-0.283187975933
Battlefield,-1,-0.224230632253
television,-8,-1.17530570174
Colorado,-2,-0.4662475629
TheRedPill,-195,-37.8858822664
Interstitialcystitis,-3,-1.10696312958
AdventureRacing,-1,-0.281363158691
marines,-1,-0.324457586847
RedditForGrownups,-5,-1.16604391681
alpinism,-1,-0.252665700524
formula1,-4,-0.804992294582
TwoXUK,-1,-0.389914310459
BPD,-142,-35.6334286421
EliteBountyHunters,-1,-0.291966977551
crackpack,-1,-0.32875408276
InfertilitySucks,-35,-13.4285797422
greece,-1,-0.23990646399
sad,-1,-0.257792029654
Ultralight,-9,-2.08443912944
DarkNetReviews,-1,-0.464621760653
conspiracy,-183,-33.1058113327
EKGs,-15,-4.54823966117
AnythingGoesNews,-5,-1.17707949076
transgendercirclejerk,-20,-5.94565679415
BeardedDragons,-4,-1.04835227741
stoners,-1,-0.315489814744
Cardiology,-43,-13.3331237402
femmit,-1,-0.267637548475
shortscarystories,-4,-0.833183818319
britishproblems,-7,-1.38826083652
BB30,-2,-0.664573063077
FeMRA,-2,-0.727342468685
Synesthesia,-2,-0.587993085795
AsianMasculinity,-2,-0.525705409643
MLG,-1,-0.341424211945
Autistic,-5,-1.61004141108
Futurology,-59,-8.80048009755
insanity,-1,-0.267213043779
MLS,-2,-0.429805238309
AuroraCO,-1,-0.34537273372
INTP,-74,-17.2180944992
crochet,-1,-0.219455882006
caninebehavior,-1,-0.346713135424
actualconspiracies,-2,-0.486639945615
drugswtf,-1,-0.390457014464
neuro,-86,-19.3146949405
GermanShepherd,-1,-0.308117731265
SVExchange,-1,-0.248072160045
Amsterdam,-2,-0.50665828508
PikaPLUR,-1,-0.567077308317
raisingkids,-2,-0.503929425739
talesfromcallcenters,-1,-0.237250751917
Accutane,-3,-0.942006491106
fffffffuuuuuuuuuuuu,-157,-27.3863658104
TagProIRL,-3,-1.03299582586
PuzzleAndDragons,-3,-0.708454811098
StreetFights,-1,-0.217349449914
redditoroftheday,-6,-1.62976490201
TheoryOfReddit,-4,-0.843311833554
fibro,-19,-6.10224311341
crime,-3,-0.793674947575
MyLittleSupportGroup,-23,-6.89064575055
booksuggestions,-1,-0.212030066456
whowouldwin,-5,-1.00346821324
hockey,-22,-4.10787986946
bicycling412,-1,-0.349902956986
alcoholism,-32,-8.5309491382
swedishproblems,-1,-0.213069079625
circlejerkcopypasta,-2,-0.524588473653
arresteddevelopment,-2,-0.397201670399
tinnitus,-14,-4.17927903151
Random_Acts_Of_Amazon,-81,-18.0377169181
mormon,-1,-0.282599735155
nagasgura,-2,-6.64385618977
xxketo,-55,-12.542303941
lostgeneration,-6,-1.37120339045
elderscrollsonline,-4,-0.825295060536
HyperHumanity,-1,-0.495777625742
homestead,-2,-0.428648756546
declutter,-1,-0.226647323889
Netrunner,-1,-0.251304926399
learnmandarin,-3,-0.881989628693
HongKong,-16,-3.80125198106
CivilizatonExperiment,-1,-0.318008078035
WastelandPowers,-1,-0.382116877972
WeAreTheMusicMakers,-22,-4.33256934618
Anger,-4,-1.09411990966
thesopranos,-1,-0.259474622031
homeopathy,-1,-0.387457988676
greatdanes,-2,-0.545518456032
CardWars,-1,-0.312363621621
wiki,-2,-0.840902188487
gout,-19,-6.12829973821
truetf2,-4,-0.964230266164
EMA,-1,-0.691009536168
KushOnTheWall,-1,-1.66096404744
AskWomen,-112,-20.9186430705
TheSimpsons,-2,-0.395166456214
Entrepreneur,-5,-0.955724591253
NichtDerPostillon,-1,-0.308684874804
poledancing,-1,-0.266422989694
osugame,-2,-0.465830542949
college,-16,-3.5907121049
entwives,-7,-1.69528075093
jobs,-16,-3.28842704342
surgery,-3,-0.886104218141
MLPLounge,-27,-6.71636840055
Iowa,-1,-0.261969742659
camping,-4,-0.848362340565
NVLD,-2,-1.26599618092
ytp,-1,-0.287178180971
breakingbad,-12,-2.25225820865
BreakUps,-3,-0.770090999416
outside,-7,-1.33686353456
VietNam,-3,-0.820289111853
UCONN,-4,-1.14260081737
LessWrong,-2,-0.60990289959
ShitTRPSays,-1,-0.455394215716
ProduceMyScript,-1,-0.28015199164
Immunology,-9,-2.99783550106
BlackAtheism,-1,-0.309020320416
cscareerquestions,-8,-1.67317655896
snowboarding,-1,-0.210377462612
Pacifism,-1,-0.334709405712
ItsLSD,-1,-3.32192809489
AskHealth,-10,-3.68757774996
fitmeals,-6,-1.17786619381
GlobalPowers,-1,-0.3381659276
armchairphilosophy,-1,-0.323745653008
itookapicture,-4,-0.763645722786
StormComing,-2,-0.552704364363
GunPorn,-2,-0.426380333217
GetMotivated,-63,-9.3971949989
Yosemite,-1,-0.278142785188
pakistan,-1,-0.266900683583
bikesgonewild,-1,-0.22948555298
1200isplenty,-3,-0.64339866179
cancer,-347,-90.3311315417
Crainn,-1,-0.314424609459
Divorce,-5,-1.33419890368
Delaware,-1,-0.27685986236
reactiongifs,-12,-2.08359863119
Wordpress,-2,-0.449775644054
Cardinals,-1,-0.248499241361
malefashion,-1,-0.217718516332
ProRevenge,-1,-0.205473277948
peacecorps,-4,-1.08855812135
pinkfloyd,-1,-0.230207839967
cycling,-6,-1.36155458296
mensa,-3,-0.982614778996
gynecomastia,-5,-2.24427929376
encryption,-1,-0.283116320068
thelastofusfactions,-6,-1.59919200801
MineZ,-1,-0.270168389842
RandomActsOfPizza,-3,-0.685470068944
ucla,-2,-0.530747810736
TripSit,-13,-3.31389091276
type2diabetes,-1,-0.405372380645
ketorecipes,-1,-0.207228058385
confessions,-8,-1.84654378235
reflex,-1,-0.29785280617
PokemonRaps,-1,-0.371232875106
ehlersdanlos,-46,-14.4978022853
PoppyTea,-1,-0.418556083876
PsychoactivePoetry,-8,-3.55489197207
rugbyunion,-1,-0.219325191021
GameSociety,-1,-0.256089962267
uhccourtroom,-7,-2.52697063302
Thetruthishere,-2,-0.428573051218
relationship_advice,-96,-19.0290586117
Kikpals,-1,-0.232457892216
Trackdays,-1,-0.29760003901
psychotherapy,-3,-0.790678612593
ABDL,-1,-0.26542610755
wallstreetbets,-5,-1.10251051143
engineering,-35,-6.98180382993
Herpes,-8,-2.92355292566
offbeat,-37,-6.75408264153
Musicthemetime,-1,-0.27495270731
LGBTeens,-1,-0.249810801383
latterdaysaints,-4,-1.06766927647
awakened,-1,-0.263651773804
pwned,-1,-0.239145326713
ICanDrawThat,-1,-0.222867617846
summoners,-4,-1.03138186922
Asthma,-84,-25.7456401396
DID,-4,-1.367858405
trueasktransgender,-2,-0.757152982135
Cooking,-3,-0.543797830691
IASIP,-1,-0.199877171642
Narcolepsy,-289,-92.9790623239
DIY,-6,-0.890917541439
technology,-97,-14.4818850055
cheatatmathhomework,-1,-0.247480586771
Israel,-5,-1.16127003455
ritalin,-3,-1.95889082547
BodyAcceptance,-7,-1.66223378125
scaredshitless,-1,-0.225145640164
suboxone,-5,-1.89646233799
IFadoption,-2,-1.06336960144
daddit,-13,-2.8267428249
barefoot,-1,-0.280699330021
singapore,-8,-1.74658093592
buccaneers,-6,-1.61742108243
Rowing,-1,-0.250350168117
DebateAChristian,-11,-2.67468195213
Barcelona,-1,-0.283342145452
oxycontin,-1,-0.812711509292
ClinicalGenetics,-2,-0.691540310659
improv,-2,-0.533096788158
Tribes,-3,-0.737342023077
Physics,-1,-0.196371283525
PipeTobacco,-2,-0.476926967818
fasting,-7,-1.75604336611
traps,-3,-0.654933589792
unpopularopinion,-2,-0.574877981944
AskaPharmacist,-12,-5.91312502443
RadicalChristianity,-1,-0.274824265317
Reno,-1,-0.2845531424
fatacceptance,-1,-0.378861571774
AskLEO,-2,-0.532176081396
AskEngineers,-9,-1.92648961237
AnimalRights,-1,-0.254325691225
NeoScavenger,-1,-0.334559536893
brisbane,-18,-4.3113879332
HBD,-7,-2.24892011564
Boxing,-1,-0.220211337355
rupaulsdragrace,-2,-0.452496599201
Conservative,-17,-3.59829779785
maddenmobilebuysell,-1,-0.32770356195
dadjokes,-1,-0.185683012823
runninglifestyle,-1,-0.274929995782
woodworking,-2,-0.388146633165
Greyhounds,-2,-0.535664738303
GestationalDiabetes,-1,-0.389377512922
KeepWriting,-2,-0.487703432564
Frasier,-1,-0.275434196642
ketamine,-1,-0.349976770729
UIUC,-9,-2.21525790906
Advice,-65,-14.5821041358
linuxadmin,-5,-1.14574598226
LearnJapanese,-1,-0.212864602037
beagle,-2,-0.521617130604
verse,-1,-0.283673906206
perth,-2,-0.505124102405
Ethics,-1,-0.301003609721
hiphop101,-3,-0.743223805797
kahlers,-1,-2.09590327429
DilatedPupils,-1,-0.317291474997
theydidthemath,-2,-0.391834421294
RandomActsOfPolish,-5,-1.29663865166
RedditsMuseumofFilth,-2,-0.578010322539
benzorecovery,-3,-1.26426938557
Dexter,-2,-0.434259414342
minecraftxbox,-2,-0.655572992476
OmniversePenitentiary,-1,-0.357051416494
test,-9,-2.94562539362
DarkNetDeals,-9,-2.68808366987
Vaping,-1,-0.225101889111
A_irsoft,-1,-0.363569150297
amputee,-3,-1.10835345287
bodyweightfitness,-2,-0.378380918325
fullpapers,-1,-0.744921859773
TalesFromTheFrontDesk,-1,-0.246026201999
AmericanPolitics,-2,-0.520716910519
AskReddit,-7760,-1106.2438356
TotallyStraight,-1,-0.228106194702
Alistair9000,-1,-0.349099714298
thegdstudio,-2,-0.529920383372
calmhands,-3,-0.770969834567
TwoXSex,-13,-3.12095421794
incremental_games,-1,-0.229937631207
witchcraft,-1,-0.264497838622
lebanon,-2,-0.581003010383
steroidsxx,-10,-3.7703888381
ShouldIbuythisgame,-1,-0.219111030813
AskAnthropology,-1,-0.226435211306
aphextwin,-1,-0.284242805608
regina,-4,-1.2175328773
gameofthrones,-3,-0.520784910624
genetics,-8,-1.98044634271
freelanceWriters,-1,-0.258184159716
Wicca,-1,-0.24970608367
steamdeals,-1,-0.211889218273
legal,-3,-0.881100297309
QMGSaint,-1,-0.796639770197
cannabis,-23,-5.17428447064
trailrunning,-2,-0.508428510628
nofuckinway,-1,-0.410750337911
becomeaman,-3,-0.727659848866
Trichsters,-29,-8.1637177649
methamphetamine,-1,-0.670528151644
physicaltherapy,-2,-0.567913831404
business,-35,-6.62369110178
FloridaMan,-1,-0.196537814976
skrillex,-4,-1.02719645726
teenrelationships,-1,-0.308258593997
Cynicalbrit,-5,-1.05352320786
physiotherapy,-1,-0.371111879542
Life_Journals,-1,-0.691009536168
timetolegalize,-4,-1.00699792099
MakEnts,-4,-1.22491776648
writingfeedback,-1,-0.340539867236
fringe,-1,-0.245249702142
mixes,-2,-0.513496002757
xna,-3,-0.999422429511
ca_twitter,-2,-0.827026808934
druggaming,-1,-0.455970445432
classic4chan,-3,-0.607689726381
amiugly,-11,-2.31871674036
SRSDisabilities,-1,-0.357758125775
CalgaryExpo,-1,-0.418867496614
Schizoid,-3,-0.971014604615
SocialEngineering,-1,-0.207436472612
CCJ2,-1,-0.329616827359
Fallout,-13,-2.36644512196
AmeriCorps,-4,-1.26966012785
thewestwing,-1,-0.261382184891
albiononline,-1,-0.28015199164
marijuanaenthusiasts,-1,-0.217693315579
homeless,-1,-0.280382584098
TrollXChromosomes,-82,-15.6309099521
elementary,-1,-0.285549709969
EntExchange,-1,-0.261091481641
homestuck,-3,-0.704660961844
mcservers,-4,-0.966160395233
DnD,-12,-2.37349789609
stepparents,-3,-0.894169601179
sociopath,-7,-1.97833869861
DnB,-1,-0.222637823213
hoarding,-4,-1.06829247018
philadelphia,-20,-4.4414427662
AskTrollX,-3,-0.760670293365
SROTD_Archives,-1,-0.734361135574
cats,-47,-8.55939521731
powerpuffgirls,-1,-0.386947304034
raisedbynarcissists,-92,-18.6652575889
Sasquatch,-1,-0.300910063353
psychopharmacology,-79,-20.1441274906
bitcoinbeg,-1,-0.336085672385
Minibio,-2,-0.682136123591
explainlikeIAmA,-4,-0.80668284852
kotor,-2,-0.493965117543
ThailandTourism,-2,-0.63348183881
gamegrumps,-8,-1.62352994808
vaporents,-8,-1.71873339722
bindingofisaac,-1,-0.205062165246
Tutoring,-1,-0.48892033697
tmrmarkets,-9,-7.31440358363
Welding,-1,-0.235253318195
datasets,-1,-0.237415342059
chicagotrees,-2,-0.571862471095
comics,-34,-6.04163719208
scoliosis,-2,-0.678669324885
TheMixedNuts,-12,-3.62718471725
nightlife,-1,-0.456551855062
consolemasterrace,-1,-0.271033910822
GuessTheASL,-3,-0.94050640032
FemmeThoughts,-1,-0.257925851421
rva,-2,-0.494207249696
Automate,-5,-1.18602303869
videos,-451,-64.6467719061
SketchDaily,-1,-0.214914656084
arabs,-1,-0.263734595611
HorriblyDepressing,-2,-0.46617009137
physicianassistant,-5,-1.46543497376
Inal,-1,-0.734361135574
PeopleBeingJerks,-2,-0.443673890602
peloton,-1,-0.243331956729
politics,-728,-112.296630775
Veterans,-4,-1.05476285599
ForeverAlone,-25,-5.43245241286
yoga,-6,-1.22253479489
istanbul,-1,-0.301723869675
bicycling,-20,-3.84588708693
Survival,-12,-2.47125416001
MakeupAddiction,-10,-1.84060489238
abolish,-2,-0.744921859773
Miscarriage,-8,-2.64978199923
announcements,-2,-0.285950507555
backpain,-1,-0.374108559096
poop,-1,-0.307353718366
Warframe,-3,-0.643926444345
Tinder,-1,-0.189268549918
stocks,-9,-1.93356308302
BTFC,-1,-0.238334197066
alcohol,-5,-1.17040448883
psychoticreddit,-10,-3.30055936106
feedthebeast,-2,-0.451423468135
FOR_THE_LULZ,-1,-0.926628408029
drugscience,-2,-0.636205318205
minecraftsuggestions,-3,-0.721124673028
TIGFU,-2,-0.567829615794
AsianBeauty,-4,-0.876409983367
learndota2,-1,-0.239192800014
shrooms,-22,-5.01677832462
KitchenConfidential,-5,-1.10007761159
goldenretrievers,-1,-0.237352340824
SampleSize,-2,-0.444113352168
oxycodone,-1,-0.567077308317
TellReddit,-2,-0.614160601575
PMDD,-1,-0.359764448957
mensrightsindia,-1,-0.501093588
cleganebowl,-1,-0.265932899043
financialindependence,-2,-0.395834776839
TiADiscussion,-12,-3.12944327347
LearnUselessTalents,-1,-0.185483035957
swoleacceptance,-5,-1.05299372869
autowikibot,-1,-0.437100814689
alberta,-1,-0.258515977196
62_526774_113_992411,-2,-0.785759795768
InfertilityBabies,-149,-49.9241535951
cogneuro,-3,-0.888138268895
YouShouldKnow,-34,-5.96500862557
Tweakers,-2,-1.21695016146
horror,-2,-0.406775490319
menshealth,-21,-8.09093838142
OccupySD,-1,-0.531684800718
LowLibidoCommunity,-1,-0.323193503883
bleach,-6,-1.37496622144
RenewableEnergy,-2,-0.450194245106
IWantToLearn,-52,-9.99126026643
transpositive,-83,-21.5544806546
helpme,-1,-0.419180654858
recoverywithoutAA,-2,-0.809293371175
yugioh,-1,-0.222066758634
Dermatology,-43,-13.3765574344
Gastroparesis,-5,-1.95780305826
Pills,-2,-0.995718325686
PanicParty,-8,-2.46852722585
CysticFibrosis,-111,-37.0268681674
tea,-6,-1.2506054976
uberdrivers,-1,-0.259975070006
Denver,-3,-0.668666153823
POLITIC,-16,-3.62506105433
arizona,-1,-0.253088197502
AmISexy,-1,-0.225107451656
nba,-35,-6.32948397257
fantasyfootball,-4,-0.770955226958
cigars,-6,-1.32983736642
forwardsfromgrandma,-12,-2.47115253511
Scrolls,-1,-0.274007918536
specialed,-1,-0.303397444341
skeptic,-140,-28.1109423554
TAAOfficial,-2,-0.584661871788
microbiology,-3,-0.750769853739
Anticonsumption,-2,-0.440137860045
abv,-2,-0.515851702841
intersex,-3,-1.22056312144
tattoos,-4,-0.710452796095
iran,-1,-0.262796279159
Hyperthyroidism,-1,-0.698634424763
Harmontown,-1,-0.248872748271
LetsNotMeet,-10,-1.94171599251
legaladvice,-84,-17.054667526
AskElectronics,-2,-0.462982930759
Supplements,-176,-40.4470216089
Methadone,-6,-2.16713047375
berkeley,-2,-0.501389410158
sicknotsick,-2,-1.62542301858
WhatsInThisThing,-2,-0.406708968358
ainbow,-26,-5.69993044417
fosterit,-2,-0.651929897562
WritingPrompts,-40,-5.99230107819
vegetarian,-9,-1.9387742699
creepy,-27,-4.03885791199
pics,-614,-87.6275157797
cripplingalcoholism,-266,-61.6405591727
Zappa,-1,-0.268710236335
RunnerHub,-1,-0.3092863209
advertising,-2,-0.45807611797
PanicAttack,-1,-0.346441438831
TransCommunity,-2,-0.668424291061
IWantOut,-10,-2.12295965515
TransSupport,-12,-3.60227867791
shanghai,-8,-2.17280649328
StudentNurse,-22,-5.65102989675
ACON_Support,-2,-0.738669681641
todayilearned,-1003,-143.09371917
Kuwait,-1,-0.329616827359
FrenchForeignLegion,-1,-0.328668917472
ashleymadisonhack,-1,-0.34042345843
Louisville,-4,-1.01526229996
ronandfez,-1,-0.284650152798
WomensHealth,-1,-0.35550330679
GNV,-1,-0.274960282147
Eminem,-4,-0.96832413652
MPounge,-14,-29.3426458401
starblecch,-1,-0.326441781818
Columbus,-1,-0.239486610856
TransphobiaProject,-1,-0.298832791291
ecursiveRevolt,-4,-1.79750295065
hawks,-1,-0.234815578784
Chefit,-1,-0.248651973593
Petloss,-2,-0.579979607915
musictheory,-1,-0.210593932987
battlefield_4,-3,-0.607352079119
Rosacea,-1,-0.35034785526
BulkOrCut,-2,-0.565219545623
Shambhala,-1,-0.32261388052
Philippines,-16,-3.42998357729
Sibilante,-1,-0.960252567789
WoodysLab,-1,-0.348596705334
Candida,-4,-1.47457299687
showerbeer,-1,-0.221863516954
science,-1726,-246.500138209
Stoicism,-2,-0.449030898653
firstworldproblems,-7,-1.35440667046
Serendipity,-1,-0.218135940127
Meditation,-47,-9.09003114059
CivAgora,-1,-0.442463899732
history,-9,-1.34155192458
HealthProject,-2,-0.576105717931
wls,-2,-0.663733260952
AskScienceFiction,-5,-1.05064531032
adultery,-1,-0.271223689987
conspiro,-9,-2.56233772764
TourettesSyndrome,-2,-1.002187176
IBD,-52,-15.8138864888
Infographics,-3,-0.633257766952
xcountryskiing,-1,-0.303824957164
AustralianCattleDog,-1,-0.270897349888
CampingandHiking,-17,-3.38475011369
medsforbitcoin,-3,-1.1454345536
InMyDay,-1,-0.308780365362
triathlon,-13,-3.16708103301
backpacking,-15,-3.1090235542
DrSteve,-9,-3.15853817673
myog,-1,-0.241408385651
randomactsofkindness,-1,-0.25990412361
musicians,-1,-0.267128994673
IntensiveCareUnit,-2,-1.85325681606
lowlevel,-1,-0.266939516981
starcraft,-90,-17.1489324971
Dreams,-5,-1.16277082369
LibertarianLeft,-1,-0.265249065718
blackops2,-1,-0.234791832803
straightedge,-5,-1.45721490924
discgolf,-5,-1.11620593746
spicy,-1,-0.22634406954
CrazyIdeas,-9,-1.71352488351
uwaterloo,-3,-0.768964722143
AskLosAngeles,-2,-0.566048920637
normalnudes,-1,-0.231757393069
short,-30,-7.06685968153
LibertarianDebates,-1,-0.295119625694
transhealth,-62,-18.892560922
bugs,-1,-0.312982286487
SRSTrees,-1,-0.338220783841
Shitstatistssay,-2,-0.516314079624
Sciatica,-8,-2.83733830112
Nerf,-1,-0.248514467101
DoesAnybodyElse,-88,-16.3274468025
pettyrevenge,-7,-1.3287309428
malehairadvice,-1,-0.211254698823
azerbaijan,-1,-0.410214242282
disabled,-1,-0.454256975696
DeepIntoYouTube,-1,-0.193706106885
DIY_eJuice,-1,-0.230397487237
gamingpc,-1,-0.216446282086
BitcoinBeginners,-1,-0.251731880734
islam,-12,-2.69098590468
Psoriasis,-37,-10.487862583
summonerschool,-2,-0.404692576931
birdsofprey,-1,-0.285784752515
Documentaries,-40,-5.96788706866
StonerEngineering,-4,-0.835160926236
VirginiaPolitics,-1,-0.330724586811
Padres,-1,-0.286872979646
SciENTce,-2,-0.625964572975
TrueChristian,-4,-1.00565809161
HealthInsurance,-1,-0.40393086316
argentina,-13,-3.01526636435
soccer,-15,-2.6736699523
lgbtsex,-3,-0.826002372695
askseddit,-8,-1.89568604242
TheRedLion,-1,-0.277518689078
writingcirclejerk,-1,-0.311082731034
UsernamesNominated,-1,-0.366849749696
thenetherlands,-12,-2.45811779242
Frisson,-3,-0.593613583074
Dominican,-1,-0.338941130795
GunsAreCool,-1,-0.245361445195
food,-8,-1.19143039999
AdviceOf,-1,-0.364185264306
90daysgoal,-4,-0.942753837021
okc,-1,-0.2787641499
Luna_Lovewell,-1,-0.231302938176
starbucks,-2,-0.483467354786
NoStupidQuestions,-71,-14.0854634592
oxford,-1,-0.302226401531
Punny,-1,-0.209038371406
democrats,-1,-0.236164308796
ihaveissues,-8,-2.20495952788
UCDavis,-1,-0.278816578282
pregnant,-5,-1.29474197883
Helldivers,-1,-0.271647505696
vancouverwa,-3,-0.913966642857
freebies,-3,-0.541923350256
Idliketobeatree,-3,-0.886385312485
bodymods,-1,-0.249445102213
mbti,-6,-1.52421076421
MHOC,-2,-0.587844311526
projecteternity,-2,-0.476473967294
IndianLeft,-1,-0.38884650845
energy,-75,-15.9087442385
AskAnEstonian,-1,-0.413513404467
neurology,-15,-4.65333298838
TwoXChromosomes,-633,-94.9895999964
breathinginformation,-1,-0.221882806066
OneParagraph,-1,-0.261157243991
psychology,-163,-30.8423408793
shittingadvice,-45,-12.094106397
acting,-6,-1.44790442123
leagueoflegends,-134,-22.7401120502
AskMeAnything,-2,-0.562172404645
ftm,-52,-13.5176174424
wisconsin,-2,-0.481975494035
techsupport,-5,-1.0227300517
newsokuvip,-2,-0.635764745931
ApplyingToCollege,-1,-0.274176534117
Drama,-1,-0.234176528954
Tucson,-2,-0.523316981119
fitness30plus,-1,-0.246567529421
AdultBreastfeeding,-1,-0.30452956823
Seattle,-4,-0.820110987133
weightroom,-14,-2.86571411738
running,-80,-15.2483292709
TBI,-16,-6.10655311949
Chevelle,-2,-0.755742587642
sdometinifni,-1,-0.577235974402
botany,-1,-0.247261301729
BlackMarketReferences,-1,-0.514275603646
OpiatesRecovery,-265,-71.714289685
weddingplanning,-11,-2.48405226346
kundalini,-4,-1.1635515512
sydney,-5,-1.15056597992
misc,-3,-0.684695119028
KidneyStones,-3,-1.20967403278
TheFacebookDelusion,-1,-0.229065536977
conspiratard,-21,-4.4782718799
GreenBayPackers,-1,-0.222371896338
gtaonline,-1,-0.223968848197
climbing,-6,-1.23545627479
HPPD,-1,-0.519675084196
crossdreaming,-3,-0.968925091367
Corruption,-2,-0.555691612779
tf2,-15,-2.89757199225
QuantikXanax,-3,-1.08212549529
bugout,-6,-1.47912676336
OldSchoolCool,-3,-0.448411731207
getting_over_it,-7,-1.71057378842
CMH,-1,-0.354502071265
DailyDefaults,-1,-0.960252567789
hamsters,-1,-0.279678486889
researchchemicals,-145,-37.2242323821
MUWs,-3,-1.12310216397
selfharmpics,-2,-0.5703025131
ecuador,-2,-0.584017489473
TrollYChromosome,-7,-1.45522297356
mylittlepony,-8,-1.66962777398
madmen,-1,-0.217964032539
doctors,-5,-1.89217299294
translation,-1,-0.312523910301
SRSWomen,-5,-1.33006512171
obama,-7,-1.62295974434
Snus,-1,-0.288334040525
trackandfield,-1,-0.284009639377
ArtHistory,-1,-0.240733724327
CODGhosts,-2,-0.507611874188
IsItBullshit,-1,-0.233268504355
AlAnon,-5,-1.43436489823
BritishSuccess,-1,-0.23495067733
c64,-1,-0.303783992269
BayRap,-1,-0.310725673521
BlackwellAcademy,-1,-0.36326432401
motivation,-5,-1.12583976713
indonesia,-5,-1.23448751548
upstate_new_york,-1,-0.280821409485
WTFiction,-2,-0.817274558645
XWingTMG,-1,-0.249215956389
falloutequestria,-1,-0.295228069266
COents,-5,-1.31632866257
BurzynskiMovie,-3,-2.69313515251
muacirclejerk,-1,-0.240246868696
TalesFromYourServer,-3,-0.651440941658
CTFxC,-1,-0.292373220731
self,-198,-38.6112399705
HomeworkHelp,-3,-0.701597493707
afinil,-130,-33.8582147251
comicbooks,-5,-0.962974778898
Drexel,-2,-0.600562585788
RPI,-1,-0.278564106747
Wishlist,-3,-0.908389694874
karezza,-1,-0.297449375885
paydaytheheist,-2,-0.43648782861
Fibromyalgia,-194,-54.5732920231
LANL_German,-7,-1.77752082784
RandomKindness,-4,-0.878060745743
SRSGSM,-1,-0.307907574602
Hawaii,-5,-1.23854715514
TalesFromThePharmacy,-93,-23.1661470305
de_IAmA,-10,-1.98338481986
progresspics,-6,-1.15320734877
statistics,-7,-1.56959321276
beyondthebump,-18,-4.24766819481
RBA,-1,-0.24890373007
windows,-1,-0.210739631255
jakeandamir,-1,-0.247158443738
chicago,-32,-6.57391058142
Silverbugs,-1,-0.251244587995
Antibiotics,-1,-0.616048321053
mythoughts,-1,-3.32192809489
TumblrInAction,-108,-19.9033819926
dota2loungebets,-1,-0.269848852945
dpdr,-31,-8.92888466139
golf,-4,-0.836700272643
uscg,-5,-1.58599549336
adventuretime,-1,-0.193436548393
PanicHistory,-2,-0.495507052269
guineapigs,-1,-0.252350133426
cutdowndrinking,-2,-0.660911336904
bodybuilding,-429,-84.5909878426
EclipseGaming,-1,-3.32192809489
Foodforthought,-46,-8.88670674242
weeabootales,-2,-0.456148961678
omegle,-2,-0.513891537834
CautiousBB,-63,-18.4275276413
languagelearning,-73,-15.296561444
Bass,-1,-0.217818102359
justice,-1,-0.298832791291
Stutter,-10,-3.11417770573
printSF,-2,-0.456148961678
French,-29,-6.5422217663
wicked_edge,-5,-1.02312887661
viagra,-2,-1.12939985208
DetroitRedWings,-1,-0.238009873754
boulder,-1,-0.25524053777
triangle,-1,-0.25372897948
CrusaderKings,-1,-0.218099381211
Dublin,-2,-0.528058315976
trees,-929,-157.58173012
AcGAYdemia,-1,-0.395627540114
modadropship,-2,-0.777693016901
clothdiaps,-2,-0.550453547628
dbtselfhelp,-3,-0.881855665226
AbandonedPorn,-2,-0.365870878889
spikes,-6,-1.36931695928
Rabbits,-5,-1.1225887907
motorcycles,-8,-1.54495825884
progressive,-2,-0.435412872786
INGLIN,-1,-0.242113070059
Marijuana,-100,-20.5475271373
OCPoetry,-3,-0.762378435763
Proofreading,-3,-0.804539627001
AssassinOrder,-1,-0.338056449748
witcher,-1,-0.201200167114
corgi,-2,-0.407260717771
ExplainLikeImCalvin,-1,-0.214260765747
PHP,-1,-0.217694889551
cringe,-12,-2.14842123727
bakchodi,-1,-0.276544451365
Rochester,-1,-0.258265706524
SKS,-1,-0.311521544912
sex,-565,-97.7446465168
Steroidsourcetalk,-455,-117.051826576
schizophrenia,-262,-72.6968029815
usyd,-3,-0.972243331692
Reformed,-1,-0.273451158894
Vaporwave,-1,-0.226807789967
ValhallaChallenge,-6,-2.22594724065
LSAT,-5,-1.35055855492
zmarter,-3,-1.86013766662
whatworkedforme,-15,-6.13345363895
DermatologyDDX,-2,-1.04503371501
UnexpectedThugLife,-1,-0.1884050959
manprovement,-1,-0.245613337975
Concordia,-3,-0.929771303581
foodhacks,-1,-0.201103502026
MitragynaSpeciosa,-1,-0.560120589703
steelers,-1,-0.238039286442
europe,-11,-1.9040347016
latin,-1,-0.257023131514
flightsim,-1,-0.244474918831
idiopathichypersomnia,-1,-0.530084768855
nashville,-1,-0.247003874622
NASCAR,-2,-0.466027652973
Savant,-5,-1.51428070408
fakeid,-2,-0.495738165809
T1D,-7,-2.96156901368
newhampshire,-1,-0.263632326831
schizoaffective,-39,-13.1463141528
Unexpected,-2,-0.353116946869
saskatoon,-1,-0.275806990536
talesfromsecurity,-1,-0.24968198785
Sherlock,-1,-0.206498383686
CFS_FAQ,-1,-0.538406559903
baltimore,-39,-9.21239317598
NuclearPower,-12,-3.41762068726
fringefashion,-1,-0.277385626785
CasualMath,-1,-0.264888495946
drunk,-6,-1.19093189112
xxfitness,-54,-10.8813379877
community,-2,-0.388323734578
AustralianMilitary,-2,-0.680267908072
askashittydoctor,-5,-1.22993862447
linux,-2,-0.378331685481
TMJ,-1,-0.345504768084
femalefashionadvice,-8,-1.57887593089
xkcd,-2,-0.418312375109
RandomActsofCrafting,-1,-0.40393086316
pediatriccancer,-1,-0.423758354124
blog,-12,-1.72249242433
medicinehat,-1,-0.400270494188
Guitar,-21,-4.03388071051
southafrica,-2,-0.471261247717
California,-2,-0.450430118668
ireland,-15,-3.09712881454
badpsychology,-1,-0.30647344213
web_design,-3,-0.582391895084
orioles,-4,-1.03179547475
KetoBabies,-2,-0.63421394154
bisco,-1,-0.325533336769
ttcafterloss,-104,-36.1152592793
gay,-4,-0.916837848252
nrl,-1,-0.256715201897
NewYorkMets,-3,-0.758512361175
cyborg,-1,-0.549588267954
southcarolina,-1,-0.271680910138
MapPorn,-1,-0.185529663864
thelastofus,-54,-12.4857799394
orthopaedics,-3,-1.01157512669
transchicago,-1,-0.448855858751
mlb,-2,-0.448248223724
survivor,-2,-0.466622547223
drugmemes,-2,-0.534146235088
Electromagnetics,-1,-0.490815251991
metacanada,-2,-0.555894521133
spinalcordinjuries,-19,-6.90010055758
ultrahardcore,-3,-0.784747244932
spacechem,-1,-0.327006174747
MtF,-176,-45.5036580504
C25K,-9,-1.93675322536
stopdrinking,-185,-40.8601138986
rit,-5,-1.30128373063
IGTHFT_HAM,-1,-0.424099928491
offmychest,-267,-50.5888712909
Drugs_and_Devices,-2,-0.686635561439
eczema,-36,-10.1678264246
southpark,-2,-0.38640167862
NYGiants,-1,-0.239887809909
funny,-716,-102.106727849
trapproduction,-1,-0.260375448758
italy,-10,-2.1883323181
migraine,-1860,-496.984953358
selfimprovement,-5,-1.04478857932
Goruck,-1,-0.305185883748
chelseafc,-1,-0.229665102449
fweddit,-1,-0.311057098654
crowdfundingprojects,-1,-0.338997104399
soylent,-4,-0.944150471663
windows8,-1,-0.243044223792
fifthworldproblems,-2,-0.422365832749
Anarchism,-16,-3.36684380731
knitting,-2,-0.43376634728
HighProfits,-1,-1.10730936496
KDRAMA,-1,-0.256486884296
Celiac,-5,-1.45270620139
catpictures,-3,-0.634962913609
Awwducational,-3,-0.597594680383
infertility,-1769,-497.986783659
Manna,-1,-0.320151113278
northkorea,-1,-0.256001490097
AgeplayPenPals,-1,-0.274147132071
drugscirclejerk,-8,-2.25579645216
AZCardinals,-1,-0.270504725849
RedditDads,-3,-0.857692094173
chemistry,-71,-14.8377414854
exjw,-2,-0.512080752912
VapersInRecovery,-1,-0.51045373718
breastfeeding,-35,-8.59685587238
Albany,-1,-0.277644034467
schnauzers,-2,-0.572293384367
medicalmarijuana,-2,-0.772215798708
CCW,-2,-0.45052777803
OFWGKTA,-1,-0.23429832892
tardtales,-1,-0.249022897122
lds,-1,-0.289976800589
genderfluid,-1,-0.299343625261
LibraryofBabel,-1,-0.297700895336
taiwan,-7,-1.81188382838
AdvancedLiberty,-1,-0.616048321053
TalesFromRetail,-25,-4.66165466432
hiking,-8,-1.7120323937
runescape,-2,-0.421395443645
Parenting,-248,-50.0899340848
quityourbullshit,-4,-0.756844998041
DrugStashes,-17,-4.3337789153
Thritis,-26,-8.37681836144
rangers,-1,-0.24969804883
homeland,-16,-3.78483392315
mycology,-3,-0.673831050167
svenskpolitik,-1,-0.21349720033
EatingDisorders,-12,-3.09118058332
caFitness,-1,-0.425487009115
exmormon,-12,-2.72173529752
bih,-2,-0.654665371297
ambien,-116,-33.7197382478
homeschool,-1,-0.277105034562
TrueOffMyChest,-1,-0.244306946269
transdating,-1,-0.363978926322
OccupationalTherapy,-2,-0.605040047699
BipolarReddit,-1433,-348.83242773
Cialis,-1,-0.812711509292
iamverysmart,-1,-0.190735524906
creepypasta,-1,-0.213390153299
RedPillWomen,-3,-0.730507378509
Guelph,-1,-0.299254944745
IdiotsFightingThings,-1,-0.195668010856
FinalFantasy,-1,-0.21198921991
bahai,-2,-0.645950060912
strife,-1,-0.269215425395
ussoccer,-2,-0.484180902795
duluth,-1,-0.308542160903
UBC,-1,-0.270136886138
RationalPsychonaut,-2,-0.486699890613
rheumatoid,-25,-8.07710246563
ptsd,-46,-12.3911968445
chemhelp,-7,-1.9008794111
Tokyo,-1,-0.253960631641
japanlife,-12,-2.91436401259
gardening,-1,-0.196780915447
unitedkingdom,-70,-13.8315581839
Starbounddiaries,-2,-0.858966466227
circlebroke2,-2,-0.527060964262
interestingasfuck,-2,-0.345424908343
FeMRADebates,-13,-3.60225873805
movie_ja,-1,-0.473801229637
lawofattraction,-1,-0.282740592553
stephenking,-1,-0.246822175649
Tulpas,-5,-1.2595572558
talesfromnursing,-1,-0.325728881353
AMA,-127,-25.1705591727
Moscow,-2,-0.617179325715
dayton,-1,-0.284758334789
Antipsychiatry,-4,-1.55258929477
Albuquerque,-4,-1.08102722558
DarkNetMarkets,-296,-60.0123699689
gayyoungold,-3,-0.86977453502
helpmecope,-1,-0.332286531538
slotrees,-1,-0.355418949752
SilkRoad,-71,-16.211341402
BACLOFEN,-1,-2.09590327429
ufl,-1,-0.287618184269
DeadBedrooms,-38,-8.50513489602
Polska,-1,-0.224584840612
Favors,-6,-1.35054937877
Economics,-41,-7.65492396837
JudgeMyAccent,-1,-0.289538102959
NewToTF2,-1,-0.271882245039
FargoTV,-2,-0.468694518828
DepthHub,-9,-1.68556578305
herpetology,-2,-0.513045953291
lewronggeneration,-14,-2.91433973489
spokenword,-1,-0.313834658806
MW2,-1,-0.280087771687
Romania,-15,-3.39704096963
exchristian,-1,-0.254633286231
calvinandhobbes,-13,-2.58324953353
PolishGauntlet,-2,-0.594999028816
politicalfactchecking,-1,-0.255752047462
I_am_the_first_one,-1,-0.326521871137
melbourne,-10,-2.24097014431
SteamHeads,-1,-0.302895920672
nerdfighters,-1,-0.227689801421
OutOfTheLoop,-1,-0.179420790919
GlitchInTheMatrix,-2,-0.482504281365
HFY,-1,-0.224152003965
ShitAmericansSay,-1,-0.227670635527
stilltrying,-220,-81.151970847
nonsense,-1,-0.403694408618
intj,-46,-10.5399106954
starboundservers,-1,-0.345438696236
respiratorytherapy,-6,-2.10614648234
tifu,-146,-21.7241418528
france,-12,-2.49383306406
loseit,-210,-38.3189179458
ontario,-1,-0.241619157787
bangladesh,-1,-0.341783640524
spam,-1,-0.352885000335
SquaredCircle,-17,-3.39334094201
HPMOR,-7,-1.78339145165
linux4noobs,-3,-0.657701473361
subredditoftheday,-1,-0.198105938167
anxietrees,-1,-0.477686844981
mylittleandysonic1,-2,-0.614707436732
Logo_Critique,-1,-0.280531186365
BehavioralMedicine,-1,-0.26974942144
NeckbeardNests,-2,-0.479209967354
bored,-1,-0.304154593903
ErectionProblem,-1,-0.476106467178
Velo,-2,-0.510378639796
atlantis,-2,-0.686136518239
SRSFunny,-1,-0.270345528303
lockpicking,-3,-0.643472977162
Galactium,-1,-0.744921859773
SleepEnhancement,-1,-0.664385618977
dirtypenpals,-2,-0.416793427525
russian,-2,-0.496504062832
GirlTalk,-4,-1.14947050217
NoFap,-295,-56.4391816486
Austin,-10,-2.12882369035
BokuNoHeroAcademia,-1,-0.272248627151
bettafish,-1,-0.253288284665
gonewild,-5,-0.846494237947
NeuroFunk,-1,-0.293966765829
tgposttransition,-1,-0.460153837034
infj,-13,-3.16613481222
TransMLP,-4,-1.5457676897
PostPreview,-1,-0.471570448587
AGENDA21,-1,-0.444361496509
Africa,-1,-0.259804320699
askdrugs,-432,-107.196237908
respectthreads,-1,-0.249321017025
civ,-3,-0.585264478061
lookatmydog,-1,-0.231361517593
roosterteeth,-1,-0.195540112411
infp,-17,-4.09624522174
TrueAskReddit,-9,-1.84791823049
blackladies,-1,-0.251545001441
DanishEnts,-4,-1.29088735393
selfhelp,-5,-1.16300059944
Hulugans,-1,-0.670528151644
CompulsiveSkinPicking,-23,-6.0460454747
VetTech,-6,-1.8439850708
CanadianForces,-9,-2.42936933554
sphynx,-1,-0.336819450463
Seahawks,-1,-0.220754559391
britishmilitary,-2,-0.62366965882
phillies,-1,-0.255097412341
zyzz,-3,-0.836240088687
kansas,-1,-0.282439622907
socialanxiety,-106,-23.4383148235
Eve,-7,-1.47428512134
HealthReviews,-2,-6.64385618977
fringediscussion,-1,-0.30992376786
Egypt,-7,-2.04969614075
orangecounty,-1,-0.239499914729
Jeep,-1,-0.223045628596
Votermap,-1,-1.04795163714
microsoft,-1,-0.221456673522
ReviewThis,-2,-0.568103779325
TheDarkKnightRises,-1,-0.293072549814
Neuropsychology,-32,-7.56247559502
Hulu,-1,-0.276949499158
crossdressing,-4,-0.967865927382
Veterinary,-11,-3.16432774307
inthenews,-5,-1.11787888669
OceanSkys,-3,-0.995460799201
BuyItForLife,-1,-0.189263610307
barroomheroes,-1,-0.351558454582
gossip,-1,-0.274990603159
koreanvariety,-2,-0.526464482637
syriancivilwar,-2,-0.449409934034
NetflixBestOf,-2,-0.365626574394
JoeRogan,-18,-3.92123037034
suits,-1,-0.228502412249
PAX,-1,-0.262829178285
archlinux,-2,-0.452938795951
zxspectrum,-1,-0.360899822798
AlphaBay,-1,-0.301437571162
premed,-34,-8.21280025102
maryland,-10,-2.49826955604
dwarffortress,-10,-2.16241101932
ProjectReddit,-1,-0.222584461407
Agora_Market,-1,-0.438397795648
Ayahuasca,-5,-1.34402846551
ausents,-1,-0.310801861746
tulsa,-1,-0.271580825649
UpliftingNews,-5,-0.747223079846
Flunitrazepam,-1,-1.18329466245
GoneWildTrans,-2,-0.469137906911
reasoners,-1,-0.278091642336
Chakras,-1,-0.319850963429
3amjokes,-1,-0.213980828181
lasik,-1,-0.403224677592
gnosticism,-2,-0.760922395135
GetMotivatedBuddies,-2,-0.577013090341
Charlotte,-1,-0.251870111943
ModafinilCat,-13,-4.1667796368
Edmonton,-2,-0.487478821758
SWTORGuilds,-1,-0.340598202656
CrappyDesign,-2,-0.371211301431
quittingkratom,-55,-19.6043426043
Patriots,-1,-0.218330234752
worldpowers,-1,-0.295966464663
Cyberpunk,-4,-0.814475461734
Libertarian,-75,-14.7109029856
metalgearsolid,-2,-0.409534987938
Anarcho_Capitalism,-32,-7.32686887694
maleinfertility,-2,-0.862014611739
Turkey,-2,-0.519616941703
Paleo,-53,-10.8229773067
HealthAnxiety,-4,-1.31518696008
EatCheapAndHealthy,-3,-0.550359750076
neuronaut,-1,-0.357491725551
TheCulture,-1,-0.301916199643
wrestling,-3,-0.77242177074
furry,-1,-0.230587962016
video,-1,-0.229152155875
Naruto,-44,-9.12442740946
druggardening,-1,-0.268979626549
Norway,-2,-0.488697631874
cfs,-88,-26.4054890908
depression,-810,-159.307886046
TTChealthy,-1,-0.425487009115
askaconservative,-2,-0.604765317749
newjersey,-12,-2.76133345362
falcons,-1,-0.253125580443
Warthunder,-2,-0.44401269622
DebateReligion,-11,-2.4495741508
mindcrack,-4,-0.856202351762
ClotSurvivors,-1,-0.403694408618
modded,-1,-0.253332288483
StackAdvice,-403,-101.004050102
DeviousIdeas,-1,-0.497859162843
darknet,-1,-0.265778716104
WaltDisneyWorld,-2,-0.471118497792
AdultEducation,-1,-0.322185321594
Green,-3,-0.691575961439
MenopauseMoxie,-1,-1.28509720894
Equestrian,-2,-0.536628722568
ukraine,-1,-0.265826464038
Toughmudder,-2,-0.581454773927
trans,-8,-2.21442380995
ukraina,-1,-0.241167242005
BreastExpansion,-1,-0.249569884526
CBD,-8,-2.28439767975
uvic,-1,-0.310674978854
TransDIY,-59,-20.1974139701
civilengineering,-2,-0.546830820792
ask_transgender,-31,-8.92025949736
scientology,-3,-0.78527189169
Etizolam,-1,-0.411291808631
GenderCritical,-7,-2.08603832268
design_critiques,-1,-0.231313977332
apple,-5,-0.913844071835
dragonage,-2,-0.423299075328
Doctor,-1,-0.58274944726
Assistance,-77,-17.2063586169
confession,-96,-19.0642404102
myevilplan,-1,-0.240870120842
microdosing,-8,-2.14759651191
Firearms,-4,-0.891583027132
singing,-1,-0.233720413013
confidence,-1,-0.232844665296
eldertrees,-48,-10.2878595913
tiwucf67,-1,-3.32192809489
autotldr,-5,-1.86989845051
stopsmoking,-23,-5.02917727493
Ophthalmology,-10,-3.80313512334
tipofmytongue,-10,-1.93003447264
nfffffffluuuuuuuuuuuu,-2,-0.497859162843
Denmark,-9,-1.95354707722
opiates,-705,-165.005527193
JapanTravel,-3,-0.745734063093
Kinesiology,-7,-2.26699984644
LifeProTips,-101,-14.9312973986
asoiaf,-9,-1.67160563765
Buttcoin,-1,-0.26136889496
AskMen,-113,-21.1332376347
iih,-12,-5.83400831215
women,-2,-0.455137492558
techsupportgore,-2,-0.396595785914
stroke,-4,-1.70335634991
findareddit,-1,-0.217321186632
torrents,-1,-0.210529099726
SantasLittleHelpers,-1,-0.297233055588
NuclearEngineering,-2,-1.31707714199
StopSelfHarm,-1,-0.270613545569
ALS,-2,-0.788863108303
smalldickproblems,-1,-0.289384833636
beijing,-4,-1.17580755364
VirginiaTech,-2,-0.523093394458
ferrets,-3,-0.741260904359
DrawForMe,-1,-0.255997958192
solotravel,-13,-2.8015534909
tax,-1,-0.25393800694
c9marketplace,-3,-1.33599780709
learnprogramming,-12,-2.23912046026
polandball,-1,-0.189953812102
onions,-1,-0.218305217477
HardcoreSMP,-1,-0.313337098225
rape,-2,-0.58508593291
asktrp,-33,-7.54569702594
netsec,-2,-0.387341679133
Xcom,-1,-0.224470869365
needadvice,-118,-27.0404200936
OurOverUsedVeins,-1,-0.33018869842
digitalnomad,-1,-0.233345556145
AdamCarolla,-1,-0.269823958857
PJRP_Community,-1,-0.416423659035
GiftofGames,-1,-0.223295086336
drugsarebeautiful,-13,-3.4568504838
philosophy,-23,-3.43478501183
Mommit,-26,-6.03476166653
socialwork,-3,-0.797814698199
Babies666,-2,-1.5640229662
FixedGearBicycle,-1,-0.230220355425
CHIBears,-1,-0.231888891853
UKHealthcare,-1,-0.330011788296
tressless,-49,-13.4249564924
theworksofhans,-2,-6.64385618977
clarkson,-2,-0.56738954451
PrisonTalk,-1,-0.367402490978
dating_advice,-5,-1.09680473785
RedditMD,-1,-0.399177697405
RUGC_Midwest,-1,-0.362861179252
lastimages,-1,-0.219779828932
mcgill,-7,-1.94958514195
healthcare,-13,-3.41708516268
addiction,-23,-6.54894329947
needacoach,-1,-0.338385824238
Smite,-3,-0.618577500282
altnewz,-1,-0.261847472262
electronic_cigarette,-68,-13.4284454487
EOOD,-1,-0.232325997074
sexualanhedonia,-4,-1.96326100796
dysautonomia,-45,-15.6236883919
EliteDangerous,-4,-0.832990975593
linguistics,-4,-0.827381566285
BabyBumps,-232,-51.6243714119
gaybros,-29,-6.12108100872
pornfree,-14,-3.22349425935
LetsPlayVideos,-1,-0.277096826004
nostalgia,-1,-0.195485813097
tsa,-1,-0.375951693506
CampingGear,-2,-0.477793326615
puppy101,-1,-0.249916013823
TFABLinePorn,-9,-3.05452089174
MensRights,-248,-49.0004944777
YMS,-1,-0.250251127137
LosAngeles,-6,-1.25094884105
bikeboston,-1,-0.320827514612
smallbusiness,-2,-0.430871823726
Miami,-1,-0.252742215876
bjj,-67,-14.7839605013
DebateAnAtheist,-2,-0.480301019032
reddevils,-2,-0.43637104991
Dystonia,-3,-1.51341549532
cogsci,-98,-20.2786780107
Lyme,-9,-3.07497117043
LiverpoolFC,-1,-0.220383631844
IndianEnts,-2,-0.681664846618
medlabprofessionals,-5,-1.46039244105
nfl,-75,-13.2695195348
paleoconservative,-1,-0.310674978854
badscience,-4,-1.02861055556
reloading,-5,-1.26645712492
latvia,-1,-0.271001330727
SubredditDrama,-63,-11.8549777982
minimalism,-2,-0.381492012239
lfg,-1,-0.245635574743
progun,-4,-0.952318417006
wemetonline,-1,-0.275142730486
Medafilter,-1,-1.10730936496
thisisthewayitwillbe,-1,-0.356963902212
OCD,-95,-24.5485850284
TEFL,-5,-1.21024523465
books,-19,-2.78474220901
meth,-3,-1.10558704825
popping,-7,-1.45770509063
ebooks,-2,-0.497926466787
autoimmunity,-6,-2.10343280703
overcominggravity,-1,-0.269306700972
entertainment,-17,-3.26125314546
Nightshift,-1,-0.288494189197
askwomenadvice,-2,-0.51799297221
Ubuntu,-2,-0.420342407369
PKA,-15,-3.41452640243
China,-22,-4.98572843042
vcu,-1,-0.302421844847
Menopause,-3,-1.16033477738
croatia,-3,-0.731561291064
memes,-3,-0.630466414153
math,-13,-2.52256603161
trashy,-4,-0.762077622439
Bestbuy,-1,-0.314396281042
DarkEnlightenment,-3,-0.768301804629
caregivers,-2,-0.895657628194
SpecialNeedsChildren,-3,-1.10870328996
AppalachianTrail,-5,-1.20816949702
conservatives,-1,-0.278720536729
NavyNukes,-1,-0.457730545327
CFBOffTopic,-2,-0.607690918939
beforeyoudie,-1,-0.454256975696
waterloo,-1,-0.275526906703
Firefighting,-5,-1.25104994637
Borderlands,-1,-0.207860549951
recipes,-3,-0.580037083946
ask,-8,-2.11358123564
Planetside,-7,-1.52942918831
49ers,-1,-0.229221340096
survivorsofabuse,-4,-1.1844397629
learnspanish,-6,-1.4484174933
gunpolitics,-6,-1.5307884578
MealPrepSunday,-1,-0.20020765198
transgenderkids,-2,-0.985520837405
theketodiet,-2,-0.510906895615
illegibleprescription,-1,-0.479303706531
Morocco,-1,-0.311808609191
Salvia,-1,-0.306317955236
IGHARMJ,-1,-2.09590327429
hideall1,-1,-0.76862178684
genderdiscussion,-1,-1.04795163714
usmle,-1,-0.393071247532
privacy,-1,-0.210697375912
neckbeardstories,-4,-0.939893132686
data,-1,-0.330055936106
classicalmusic,-2,-0.417266609678
masculism,-2,-0.566911490973
indianews,-1,-0.279932432786
Disneyland,-2,-0.478372490911
Indiemakeupandmore,-2,-0.471247499618
UBreddit,-1,-0.30555160501
EosinophilicE,-1,-0.637673065048
Gundam,-1,-0.239342482985
greatpyrenees,-1,-0.331040821772
EssentialTremor,-15,-6.30676641365
Terraria,-4,-0.817541537865
breakingmom,-48,-11.7224257523
skyrim,-17,-3.09901604392
videogames,-1,-0.272905966581
Tallahassee,-1,-0.290647464914
SRSGaming,-1,-0.265504616884
ipad,-1,-0.215174864312
thatHappened,-13,-2.41402745728
EQNext,-2,-0.510467404343
see,-6,-1.30318731127
powerlifting,-5,-1.13419588425
sweden,-21,-4.2405051818
ErdosBaconSabbath,-1,-1.28509720894
badroommates,-1,-0.254716678013
Cartalk,-3,-0.682021803534
ChronicPain,-398,-104.161509396
glasgow,-1,-0.260126006795
bisexual,-2,-0.441195647519
mflb,-6,-1.38020705538
SecurityAnalysis,-2,-0.488831956664
teenagers,-79,-15.7903918351
sysadmin,-9,-1.76587326344
TheContinuum,-2,-0.561361193087
Cancersurvivors,-1,-0.608475080729
redsox,-1,-0.234875068053
RedditThroughHistory,-2,-0.437120662389
dementia,-2,-0.637031075155
Nootropics,-1959,-407.137520054
tldr,-1,-0.204222508659
IAmA,-2406,-343.87757893
bonnaroo,-8,-1.92952552096
OGHHH,-1,-0.359857924521
slowcooking,-1,-0.189621180916
UnresolvedMysteries,-7,-1.3717303128
Invisible,-4,-1.26360704317
nonononoyes,-1,-0.186278003638
FutureWhatIf,-2,-0.473974430093
getdisciplined,-61,-11.766224512
optometry,-20,-6.01003527461
listentothis,-3,-0.447827287088
aww,-56,-8.07267656699
reversegif,-1,-0.228169782844
Games,-33,-5.67222408153
UkrainianConflict,-1,-0.231940144815
hearthstone,-2,-0.363110151039
highschool,-1,-0.288016384406
ENFP,-7,-1.81393290702
trapmuzik,-1,-0.237958889202
trueloseit,-1,-0.277080416403
secretsanta,-3,-0.620277409649
deathgrips,-1,-0.243290042571
trollabot,-1,-0.39502600368
PsychedelicTherapy,-1,-0.328288115428
neurodiversity,-23,-7.28504114632
wow,-10,-1.85033037327
climateskeptics,-7,-1.8375476475
RUGC_Europe,-1,-0.372460929887
Radiology,-5,-1.29238348833
RandomActsOfGaming,-3,-0.641442485861
LearnGerman,-2,-0.683808375994
trollingforababy,-1,-0.340249496793
PoliticalDiscussion,-31,-6.57368865497
manchester,-1,-0.258888419322
malelifestyle,-3,-0.622635813729
fuckeatingdisorders,-2,-0.62811636909
RandomActsofMakeup,-8,-1.90202529744
badcompany2,-1,-0.264227509066
Hunting,-2,-0.44500460513
TheBluePill,-29,-6.58564782436
MDMA,-80,-19.0051698589
learnmath,-7,-1.57390178676
lifeinapost,-3,-0.810770419188
classicalguitar,-1,-0.263803011998
AnimalPorn,-1,-0.210876847848
piano,-4,-0.870413252192
shutupandtakemymoney,-2,-0.369779293815
pharmacology,-20,-5.5264054243
cuba,-4,-1.19498226398
lolgrindr,-1,-0.249059293048
photography,-6,-1.10642578003
DeepMeds,-1,-0.475329513889
smashbros,-4,-0.755382951367
Fitness,-629,-93.5582250146
composertalk,-1,-0.308732585165
progressive_islam,-1,-0.303035546461
actuallesbians,-11,-2.34492812423
rage,-20,-3.94157768241
greenday,-2,-0.522968635401
MoralPanic,-4,-1.28888334611
Opiatewithdrawal,-10,-4.18246399507
lifeisstrange,-1,-0.235869930801
dunedin,-1,-0.322398950063
medschool,-1,-0.311262715685
FIFA,-4,-0.840542975612
StarWars,-1,-0.177439303135
AskWomenOver30,-6,-1.56040317668
RATS,-7,-1.66786708009
vzla,-2,-0.510989765999
AddisonsDisease,-1,-0.495777625742
Question,-1,-0.612194252411
AgMarketplace,-57,-14.0809779569
Justrolledintotheshop,-2,-0.388540918991
korea,-17,-3.95698125423
GetStudying,-32,-6.97173715298
skateboarding,-2,-0.413436687775
IndiaInvestments,-1,-0.289898901885
Winnipeg,-3,-0.761119746336
againstmensrights,-6,-1.53974599631
adhdmeme,-21,-5.89429252741
rescuedogs,-2,-0.53921432374
truegaming,-8,-1.56381935269
PuertoRico,-3,-0.863576578296
nuclear,-18,-5.24400920229
casualconversations,-3,-1.01077631963
skinwalkers,-1,-0.258331927089
ThingsCutInHalfPorn,-1,-0.202182977592
HealthConspiracy,-2,-0.718415686122
ebola,-5,-1.25073529011
MonsterHunter,-1,-0.212819283661
Republican,-1,-0.233872123415
medicalschool,-98,-22.2478541756
CollegeBasketball,-1,-0.208183096955
Cypher,-11,-3.55633572926
battlefield3,-3,-0.642601155083
RealDrugs,-3,-1.03691172324
facepalm,-9,-1.60605979889
HaircareScience,-2,-0.464561363876
transgenderUK,-21,-6.97408578323
Scams,-2,-0.512571582829
Ijustwatched,-1,-0.258226839647
Samesexparents,-2,-0.71587332069
asktrees,-6,-1.64732586265
keto,-350,-67.1593437019
Motocross,-4,-1.07363335604
alcoholicsanonymous,-1,-0.318324363632
merecraft,-1,-0.399612037455
archeage,-16,-3.77568267349
BaclofenForAlcoholism,-41,-21.0852997495
norge,-3,-0.661709941127
nosleep,-85,-12.7124576944
watchpeopledie,-2,-0.401432097298
Quebec,-23,-5.71911290698
moto360,-1,-0.235952201861
APStudents,-1,-0.290527989254
buildapc,-12,-2.17316295986
fullmoviesonyoutube,-1,-0.188440437775
Luxembourg,-1,-0.296739637858
incest,-1,-0.211235025562
Music,-38,-5.471586149
startrek,-6,-1.20521762394
rpg,-9,-1.81533578091
3Dprinting,-1,-0.21372916063
MRSelfPostCopies,-9,-3.96560857823
Transhuman,-10,-2.34971952706
accountt1234,-1,-0.458930968151
Thailand,-11,-2.79914142397
AgainstAllArchons,-2,-0.75083504343
WorldofTanks,-3,-0.678666337427
myfriendwantstoknow,-12,-2.71052054939
Chiropractic,-5,-1.68409725231
SanctionedSuicide,-3,-0.881677357996
AmItheAsshole,-1,-0.248570384888
FinancialCareers,-2,-0.511742330372
newyork,-1,-0.263910909519
suicidology,-1,-0.288917281419
minerapocalypse,-2,-0.567787555293
depressionregimens,-4,-1.21562818401
podcasts,-1,-0.225548214019
octodad,-1,-0.46528527227
indepthstories,-3,-0.690846026387
yogscastkim,-1,-0.274945134638
transalute,-3,-1.39585581681
Needafriend,-6,-1.38982128769
london,-3,-0.639709525136
KotakuInAction,-28,-5.88932656266
h1z1,-8,-1.73875857476
Briggs,-1,-0.318356152459
MuseumOfReddit,-1,-0.202526181136
arabic,-1,-0.294766037849
finance,-2,-0.412586548926
tattoo,-2,-0.434916618961
education,-19,-4.07522144997
productivity,-10,-2.01209396996
psychotic_features,-2,-0.805055802172
anachronism,-1,-0.341723505789
GetOutOfBed,-1,-0.235122860471
appers,-2,-0.655490010836
answers,-14,-2.83956212218
guns,-47,-8.76712273996
PsychWard,-1,-0.460773920908
transpassing,-35,-8.57992485547
waiting_to_try,-2,-0.628341013462
Loans,-5,-1.35991750493
katawashoujo,-1,-0.246080639245
futuristparty,-1,-0.267637548475
redditdota2league,-1,-0.283383401228
notinteresting,-2,-0.403320446265
Purdue,-1,-0.266450198147
TeenWolf,-1,-0.266287389362
birthcontrol,-245,-63.0829547123
bald,-1,-0.315519074305
aggies,-4,-1.02186900526
chomsky,-1,-0.271614144234
leangains,-22,-4.78726140517
Teachers,-4,-0.894014234711
travelchina,-4,-1.33046571749
MMJSuccess,-1,-0.464621760653
MTB,-1,-0.21567163147
rapecounseling,-4,-1.11206043561
gratefuldead,-1,-0.237455946381
diabetes,-3771,-917.619878288
lupus,-28,-9.17107127063
lowcarb,-1,-0.264068700676
BurningMan,-9,-2.13745611373
Fuckcancer,-5,-1.68409725231
HumanPorn,-2,-0.39598678721
canadients,-1,-0.284488653722
Fantasy,-5,-1.01245938834
AgainstGamerGate,-9,-2.7788081987
shittyama,-3,-0.730073835375
CaucasianChinese,-1,-0.407865866909
HEALTHY,-3,-1.16237396603
AskSocialScience,-8,-1.68754184475
ArtisanVideos,-1,-0.193074823598
Parkinsons,-2,-0.742223759084
masseffect,-2,-0.404488832443
NaimKabir,-1,-0.356098601438
Songwriters,-2,-0.500452870658
ads,-1,-0.260231386057
MGTOW,-5,-1.25813285388
audioengineering,-1,-0.212193334926
SubredditDramaDrama,-1,-0.26283858618
Diablo,-8,-1.55550692554
androidthemes,-1,-0.215426716238
publichealth,-2,-0.524985773674
bigboobproblems,-2,-0.461299482564
government,-3,-0.781934082042
howto,-2,-0.386088224741
cringepics,-27,-4.68460241587
belgium,-1,-0.226254217934
thewalkingdead,-20,-3.70527696127
dubai,-4,-1.08766381275
lost,-3,-0.663799907381
motorcycletrip,-2,-0.882156377898
Coprophiles,-1,-0.349976770729
Paranormal,-9,-1.83493238376
SSBM,-2,-0.4624736704
4chan,-13,-2.22720199072
Hypothyroidism,-60,-16.7034808116
ankylosingspondylitis,-6,-2.2111740965
DrugArt,-2,-0.510222010528
ReadingSOTS,-1,-0.378011484815
MechanicalKeyboards,-2,-0.401223186965
eebooks,-1,-0.260916986703
kde,-1,-0.26243728643
doublespeakfwdrefwd,-1,-1.0
xboxone,-1,-0.190095542548
StarcraftCirclejerk,-1,-0.29878042646
tumblr,-1,-0.193960299011
misscliks,-1,-0.370392631534
halifax,-3,-0.753476009926
blackcoin,-2,-0.52614043649
TumblrAtRest,-1,-0.231642496036
Coffee,-15,-2.97333888324
askdoctors,-16,-5.92818741012
traaaaaaannnnnnnnnns,-1,-0.288729860248
canadaguns,-2,-0.532933074844
SkincareAddiction,-106,-20.1078801071
JobFair,-1,-0.234325354518
OperationGrabAss,-2,-0.53694630244
martialarts,-1,-0.228510040448
AskMedics,-2,-1.04216707384
starbound,-5,-1.05994235689
biology,-20,-4.11676107772
Kava,-1,-0.328541541052
beatbox,-1,-0.302876024473
mito,-2,-1.21695016146
java,-2,-0.426902711464
bayarea,-3,-0.656659587839
NonZeroDay,-1,-0.235138953394
worldbuilding,-7,-1.45662896128
Weight,-1,-0.347400530912
Outlander,-1,-0.27151431671
Divination,-1,-0.318483601592
theworldnews,-6,-1.58352445134
DrugNerds,-464,-103.231804505
detectiveinspectors,-1,-0.579953601178
GameDeals,-3,-0.541536188603
catvideos,-1,-0.276990342297
Polistan,-1,-0.318102659103
paradoxplaza,-1,-0.219073508012
FEMRAforum,-1,-0.494758210159
turtle,-1,-0.267461218911
swedents,-2,-0.614982596057
Airshows,-1,-0.562381855753
CrohnsDisease,-460,-118.863233376
hiphopheads,-43,-7.76050039437
BrainTraining,-1,-0.293029257061
PacificCrestTrail,-1,-0.27124997612
Calgary,-6,-1.40670400519
Foamed,-2,-0.580976544284
parentsofmultiples,-2,-0.592797894738
networking,-2,-0.420282851264
blackpower,-1,-0.302070917424
typography,-1,-0.215235659343
egalitarian,-1,-0.297532985873
BoobsLikeHagiaSophia,-1,-0.715338279037
germanshepherds,-3,-0.713245740183
MorbidReality,-60,-11.3606207092
introvert,-12,-2.53978565306
PhilosophyofScience,-10,-2.21036661312
EdiblePlants,-1,-0.32704682788
actuary,-3,-0.805685397095
howardstern,-1,-0.237541934222
simonfraser,-2,-0.627836613919
MyWorstFear,-1,-0.416723319945
gaymers,-10,-2.16340231915
iastate,-1,-0.294522494816
ADDerps,-1,-0.812711509292
serbia,-2,-0.568485611217
laos,-1,-0.368074983435
Detroit,-2,-0.479860459807
UTAustin,-1,-0.25504989991
glutenscience,-1,-0.335416773608
xbox360,-1,-0.214852335193
EU_RCSources,-1,-0.400714178849
opieandanthony,-4,-0.972239989309
memphis,-3,-0.81374992836
Paruresis,-1,-0.58274944726
ffxi,-1,-0.27107959212
MaddenXboxLeague,-1,-2.09590327429
MachineLearning,-1,-0.211830545343
KiAChatroom,-1,-0.318739920488
MontrealEnts,-1,-0.327373707288
stories,-2,-0.598545320966
cake,-1,-0.319984043847
adderall,-197,-55.3329535821
zensangha,-1,-0.420773245752
PercyJacksonRP,-3,-0.962893143658
Insurance,-10,-2.60435020879
RCSources,-17,-4.38298336068
Methoxetamine,-2,-0.777693016901
pic,-2,-0.433091258419
Civcraft,-12,-3.11715430487
GaySex,-1,-0.277727922864
AskDocs,-972,-238.272543802
airsoft,-2,-0.456121012735
autism,-27,-6.73244989553
bodylanguage,-1,-0.269805304155
DAE,-12,-2.85110260248
AskUK,-7,-1.71181215354
ideasfortheadmins,-1,-0.258449240685
DestinyTheGame,-18,-3.34578829365
circlebroke,-17,-3.76895707325
illinois,-1,-0.27797268374
seaents,-1,-0.320352660181
DippingTobacco,-1,-0.260773973263
sandy,-2,-0.542303081246
Hematopathology,-2,-0.997843971611
REDDITORSINRECOVERY,-49,-12.8897426994
PSBF,-1,-0.302876024473
raspberry_pi,-1,-0.20180656267
antisrs,-10,-2.87786445244
SuicideWatch,-286,-62.4566318497
missouri,-2,-0.56428374897
Syngas,-1,-0.577235974402
Warhammer,-1,-0.220055112542
bigdickproblems,-9,-2.0002001863
nintendo,-1,-0.197968115142
Dota2Trade,-1,-0.244418080557
CannabisExtracts,-5,-1.14491610963
scuba,-1,-0.229224310764
BitcoinStocks,-1,-0.300044202482
GirlGamers,-2,-0.439314563604
blogs,-1,-0.265799926117
AvPD,-1,-0.331543292031
holdmybeaker,-1,-0.224948392502
atheism,-144,-22.8568106793
Spanish,-3,-0.702614005994
biotechnology,-2,-0.664385618977
tricities,-1,-0.341663463381
Michigan,-2,-0.459437783398
